Smiles,Inchi Key
CN[C@@H](C)C(=O)N[C@H](C(=O)N1CCC[C@H]1C(=O)Nc1snnc1-c1ccccc1)C1CCCCC1,WZRFLSDVFPIXOV-LRQRDZAKSA-N
COc1cc2c(CCNC(C)=O)c[nH]c2cc1Cl,LUINDDOUWHRIPW-UHFFFAOYSA-N
CC(C)(N)CC12CC3CC(CC(C3)C1)C2,OWKXRDQRMTVCEX-UHFFFAOYSA-N
O=C(c1cncc(Br)c1)N1CCC(N2CCCC2)CC1,CQERVFFAOOUFEQ-UHFFFAOYSA-N
COc1ccc2[nH]c(C(=O)c3ccccc3)cc2c1,ICMIJSRDISNKOC-UHFFFAOYSA-N
Cc1nc[nH]c1CN1CCc2c(c3ccccc3n2C)C1=O,JSWZEAMFRNKZNL-UHFFFAOYSA-N
CCCCCCCCCCCCCCCC(=O)Nc1ccn([C@@H]2O[C@H](CO)[C@@H](O)[C@@H]2C#N)c(=O)n1,LBGFKUUHOPIEMA-PEARBKPGSA-N
C=CC(=O)Nc1cccc(Nc2nc(Nc3ccc(Oc4ccnc(C(=O)NC)c4)cc3)ncc2F)c1,VVLHQJDAUIPZFH-UHFFFAOYSA-N
CN1CCC[C@@H]1Cc1c[nH]c2ccc(CCS(=O)(=O)c3ccccc3)cc12,PWVXXGRKLHYWKM-LJQANCHMSA-N
CC(C)OC(=O)CNC(=O)[C@H](CS)NC(=O)CC[C@H](N)C(=O)O,MVNCPACIPXNJIW-IUCAKERBSA-N
Cc1cc(Cl)ccc1OCCCC(=O)NO,JHSXDAWGLCZYSM-UHFFFAOYSA-N
Cn1cc(-c2ccc3nnc(C(F)(F)c4ccc5ncccc5c4)n3n2)cn1,JRWCBEOAFGHNNU-UHFFFAOYSA-N
C[C@@H](NC(=O)c1ncnc(N)c1Cl)c1ncc(C(=O)Nc2cc(C(F)(F)F)c(Cl)cn2)s1,VWMJHAFYPMOMGF-ZCFIWIBFSA-N
COc1cc(Nc2ncc(F)c(Nc3ccc4c(n3)N(COP(=O)(O)O)C(=O)C(C)(C)O4)n2)cc(OC)c1OC,GKDRMWXFWHEQQT-UHFFFAOYSA-N
O=C/C=C/c1ccccc1,KJPRLNWUNMBNBZ-QPJJXVBHSA-N
Cc1cc(/C=C2\SC(=O)N(c3ccccc3)C2=O)c(C)n1-c1cccnc1,NCSHZXNGQYSKLR-UNOMPAQXSA-N
CNC(=O)c1cccc(-c2ccc3c(N4CCOC[C@@H]4C)nc(N4CCOC[C@@H]4C)nc3n2)c1,JUSFANSTBFGBAF-IRXDYDNUSA-N
CN1CCc2cccc3c2[C@H]1Cc1ccc(O)c(O)c1-3,VMWNQDUVQKEIOC-CYBMUJFWSA-N
C[n+]1c2cc(N)ccc2cc2ccc(N)cc21,XSIOKTWDEOJMGG-UHFFFAOYSA-O
Cc1c(O)c(=O)ccn1C,TZXKOCQBRNJULO-UHFFFAOYSA-N
CN(C)C(=O)COC(=O)Cc1ccc(OC(=O)c2ccc(NC(=N)N)cc2)cc1,XASIMHXSUQUHLV-UHFFFAOYSA-N
CCCCc1ccc(O)cc1O,CSHZYWUPJWVTMQ-UHFFFAOYSA-N
NC(=O)c1ccc([N+](=O)[O-])cc1Cl,GFGSZUNNBQXGMK-UHFFFAOYSA-N
O=C(O)COc1ccc(OCCNC[C@H](O)COc2ccccc2)cc1,MXWICZOXPUWAHY-HNNXBMFYSA-N
CCCCN(CCCC)CCCOC(=O)c1ccc(N)cc1,HQFWVSGBVLEQGA-UHFFFAOYSA-N
Nc1nc(N)c2nc(-c3cccc(O)c3)cnc2n1,UOORQSPLBHUQDQ-UHFFFAOYSA-N
Fc1ccc(CN2CCC(Nc3ccc(C(F)(F)F)nn3)CC2)cc1F,UVUYWJWYRLJHEN-UHFFFAOYSA-N
CN1CCN(CCCN2c3ccccc3Sc3ccc(Cl)cc32)CC1,WIKYUJGCLQQFNW-UHFFFAOYSA-N
C=CC(=O)Nc1cccc(Sc2nc(Nc3ccc(N4CCN(C)CC4)cc3)ncc2Cl)c1,KIISCIGBPUVZBF-UHFFFAOYSA-N
CC(C)N(CCCNC(=O)Nc1ccc(C(C)(C)C)cc1)C[C@H]1O[C@@H](n2cc(Br)c3c(N)ncnc32)[C@H](O)[C@@H]1O,IQCKJUKAQJINMK-HUBRGWSESA-N
Nc1nc2c([nH]1)c(=O)n(CC1CC1)c(=O)n2CC1CC1,KSPYMJJKQMWWNB-UHFFFAOYSA-N
OC[C@H]1O[C@@H](c2ccc(Cl)c(Cc3ccc(OCCOC4CC4)cc3)c2)[C@H](O)[C@@H](O)[C@@H]1O,BTCRKOKVYTVOLU-SJSRKZJXSA-N
Cc1cc(C)c(/C=C2\C(=O)Nc3ccccc32)[nH]1,WUWDLXZGHZSWQZ-WQLSENKSSA-N
CC/C=C\C/C=C\C/C=C\CCCCCCCC(=O)O,DTOSIQBPPRVQHS-PDBXOOCHSA-N
O=C(O)c1cn(-c2ccc(F)cc2)c2cc(N3CCNCC3)c(F)cc2c1=O,XBHBWNFJWIASRO-UHFFFAOYSA-N
C1CCN2C[C@H]3C[C@H](CN4CCCC[C@@H]34)[C@H]2C1,SLRCCWJSBJZJBV-TUVASFSCSA-N
Cc1cc(C(C)(C)C)c(O)c(C(C)(C)C)c1,NLZUEZXRPGMBCV-UHFFFAOYSA-N
O[C@H]1CC[C@H](Nc2ncc3nc(Nc4c(F)cc(F)cc4F)n([C@H]4CCOC4)c3n2)CC1,IBGLGMOPHJQDJB-IHRRRGAJSA-N
CC(=O)Nc1cccc(Nc2ncnc(N3CCC(OCc4ccc(OC(F)(F)F)cc4)CC3)n2)c1C,QLKAFHZJICDACE-UHFFFAOYSA-N
N[C@@H](CCC(=O)N[C@@H](CS)C(=O)NCC(=O)O)C(=O)O,RWSXRVCMGQZWBV-WDSKDSINSA-N
O=c1[nH]ccc2cc(OC3CCNCC3)ccc12,IPEXHQGMTHOKQV-UHFFFAOYSA-N
NS(=O)(=O)c1cc(C(=O)O)c(NCc2ccco2)cc1Cl,ZZUFCTLCJUWOSV-UHFFFAOYSA-N
O=C(Oc1ccccc1C(=O)O)c1ccccc1O,WVYADZUPLLSGPU-UHFFFAOYSA-N
CN(c1ccccc1CNc1nc(Nc2ccc3c(c2)CC(=O)N3)ncc1C(F)(F)F)S(C)(=O)=O,POJZIZBONPAWIV-UHFFFAOYSA-N
O=C(O)[C@H](CC(=O)N1C[C@H]2CCCC[C@H]2C1)Cc1ccccc1,WPGGHFDDFPHPOB-BBWFWOEESA-N
NS(=O)(=O)c1nn2cc(-c3ccccc3)nc2s1,MQUYTXDAVCOCMX-UHFFFAOYSA-N
C=CC(=O)N[C@H]1CCOC[C@H]1Nc1ncc2cc(-c3c(Cl)c(OC)cc(OC)c3Cl)ccc2n1,MGZKYOAQVGSSGC-DLBZAZTESA-N
CN(C)CCCN1c2ccccc2CCc2ccc(Cl)cc21,GDLIGKIOYRNHDA-UHFFFAOYSA-N
Cc1ccc2c(=O)c3cccc(CC(=O)O)c3oc2c1C,XGOYIMQSIKSOBS-UHFFFAOYSA-N
NC(=O)N/N=C/c1ccc(Oc2ccc(F)cc2)cc1,MHUUDVZSPFRUSK-RQZCQDPDSA-N
Cn1cc(-c2cc(Oc3cc(F)c(NC(=O)C4(C(=O)Nc5ccccc5)CC4)cc3F)ccn2)cn1,WWOXKWLDMLMYQY-UHFFFAOYSA-N
CCCC1(CCC)CCC2(CCN(CCCN(CC)CC)C2)CC1,SERHTTSLBVGRBY-UHFFFAOYSA-N
COc1ccc2nc3ccc(Cl)cc3c(SCCCN)c2c1,XMMAOXMYUGQGJD-UHFFFAOYSA-N
CCCCCCCCCCC[C@@H](C[C@@H]1OC(=O)[C@H]1CCCCCC)OC(=O)[C@H](CC(C)C)NC=O,AHLBNYSZXLDEJQ-FWEHEUNISA-N
CC(C)c1ccc2c(c1)CC[C@H]1[C@](C)(CN)CCC[C@]21C,JVVXZOOGOGPDRZ-SLFFLAALSA-N
COc1cc2c(cc1OC)-c1c(C)c3ccc(OC)c(OC)c3c[n+]1CC2,RFKQJTRWODZPHF-UHFFFAOYSA-N
C/C(=C\CNc1ncnc2nc[nH]c12)CO,UZKQTCBAMSWPJD-FARCUNLSSA-N
Cc1ccc(CNc2ncnc3ccc(-c4ccc(CO)o4)cc23)o1,ROCFOIBAEVAOLQ-UHFFFAOYSA-N
COc1cc2nc(N3CCC(N4CCCCC4)CC3)nc(NC3CCCCCC3)c2cc1OC,WYVBISCFCHREDA-UHFFFAOYSA-N
N#C/C(=C\c1ccc(O)cc1)C(=O)O,AFVLVVWMAFSXCK-VMPITWQZSA-N
CCCCCCCCCCCCCCCC(=O)OCCC1CCN(CCCN2c3ccccc3Sc3ccc(S(=O)(=O)N(C)C)cc32)CC1,KTOYYUONFQWSMW-UHFFFAOYSA-N
COc1cccc(C(=O)COc2ccc(Cc3sc(=O)[nH]c3O)cc2)c1,JIJXYXYLGRAIGV-UHFFFAOYSA-N
CN1C(=O)/C(=C2/C(=O)Nc3ccccc32)c2ccccc21,QNOCRUSVMMAKSC-CCEZHUSRSA-N
Cc1c(CC(C)(C)C(=O)O)n(Cc2ccc(Cl)cc2)c2ccc(F)cc12,JLPYLHLUHJOPNL-UHFFFAOYSA-N
COc1ccccc1N1CCN(CCCCN2C(=O)c3ccccc3C2=O)CC1,SJDOMIRMMUGQQK-UHFFFAOYSA-N
Oc1c(Cl)cc(Cl)c2cccnc12,WDFKMLRRRCGAKS-UHFFFAOYSA-N
CC[C@H](C)[C@@H]1NC(=O)[C@H](Cc2ccc(O)cc2)NC(=O)[C@@H](N)CSSC[C@@H](C(=O)N2CCC[C@H]2C(=O)N[C@@H](CC(C)C)C(=O)NCC(N)=O)NC(=O)[C@H](CC(N)=O)NC(=O)[C@H](CCC(N)=O)NC1=O,XNOPRXBHLZRZKH-DSZYJQQASA-N
Cc1cc(C)c2c(N)c(C(=O)NCc3ccc(Cl)cc3)sc2n1,FPRULFHDSFKYBV-UHFFFAOYSA-N
CC(C)CNc1nc(-c2cccc3ncccc23)cn2c(-c3ccc(C(=O)NC4CC4)cc3)cnc12,MDYKTGNHXNTATG-UHFFFAOYSA-N
Fc1ccc(C(OCCN2CCN(CCCc3ccccc3)CC2)c2ccc(F)cc2)cc1,NAUWTFJOPJWYOT-UHFFFAOYSA-N
CCN(CCCc1ccccc1)CCCc1ccccc1,ZPFXAOWNKLFJDN-UHFFFAOYSA-N
O=c1[nH]c2ccccc2n1C1CCN(CCOc2ccccc2)CC1,NVDBBGBUTKLRSN-UHFFFAOYSA-N
O=c1[nH]c2ccc(Cl)cc2c(N[C@@H]2CN3CCC2CC3)c1-c1nc2ccccc2[nH]1,MOVBBVMDHIRCTG-LJQANCHMSA-N
CNc1ncnc2c1ncn2[C@@H]1O[C@H](CO)[C@@H](O)[C@H]1O,VQAYFKKCNSOZKM-IOSLPCCCSA-N
COC(c1ccccc1)(c1ccccc1)[C@H](Oc1nc(C)cc(C)n1)C(=O)O,OUJTZYPIHDYQMC-LJQANCHMSA-N
CCCCCCCCCCCCCCCCCCCCCCO,NOPFSRXAKWQILS-UHFFFAOYSA-N
COc1cc(N)c(Cl)cc1C(=O)OCCN1CCCCC1,RVFIAQAAZUEPPE-UHFFFAOYSA-N
CN1CCN(c2ncc(-c3cc(Cl)cc(Cl)c3Cl)c(N)n2)CC1,PDOCBJADCWMDGL-UHFFFAOYSA-N
O=C(c1ccc(F)cc1)C1CCN(CCCCc2ccccc2)CC1,FTJXZACAQRDRNT-UHFFFAOYSA-N
Cn1cnc2c(F)c(Nc3ccc(Br)cc3F)c(C(=O)NOCCO)cc21,ACWZRVQXLIRSDF-UHFFFAOYSA-N
CN[C@H](CNC(=O)N1CCC[C@@H]([C@@H](OCCNC(=O)OC)c2cccc(Cl)c2)C1)C[C@H]1CCCOC1,NXWASIVXQMMPLM-ZXMXYHOLSA-N
c1ccc2c(c1)CCC[C@H]2Nc1nc2ccccc2[nH]1,XZIZUQSOFMLIIR-CQSZACIVSA-N
Cc1cnc(C(=O)O)c[n+]1[O-],DJQOOSBJCLSSEY-UHFFFAOYSA-N
CCc1ccc(N(CC(C)C)S(=O)(=O)c2ccc(OCC3CCOCC3)c(CO)c2)cc1,LZLBRISQTJVZNP-UHFFFAOYSA-N
Cc1ccc2nc(NCCN)c3ncc(C)n3c2c1,PSPFQEBFYXJZEV-UHFFFAOYSA-N
CNC(=O)CN1CCC(Oc2cc3c(Nc4cccc(Cl)c4F)ncnc3cc2OC)CC1,DFJSJLGUIXFDJP-UHFFFAOYSA-N
COc1ccc(/C=C\c2cc(OC)c(OC)c(OC)c2)cc1OP(=O)(O)O,WDOGQTQEKVLZIJ-WAYWQWQTSA-N
CCCc1c(SCCCOc2ccc(C(C)=O)c(OCCCC(=O)O)c2CCC)ccc(C(C)=O)c1O,KPWYNAGOBXLMSE-UHFFFAOYSA-N
CCn1c(=O)[nH]c2cc(Cl)c(Cl)cc21,LKHRMULASXZCLG-UHFFFAOYSA-N
Cc1cccc([C@H](C)c2cnc[nH]2)c1C,CUHVIMMYOGQXCV-NSHDSACASA-N
O=C(O)C(Cl)(Cl)Cl,YNJBWRMUSHSURL-UHFFFAOYSA-N
O=C(O)CC(=O)C(=O)O,KHPXUQMNIQBQEV-UHFFFAOYSA-N
COc1cc(N2CCC(N(C)C)CC2)ccc1Nc1ncc(Cl)c(Nc2ccccc2P(C)(C)=O)n1,OVDSPTSBIQCAIN-UHFFFAOYSA-N
CC(=O)O[C@H]1Cc2ccccc2N(C(N)=O)c2ccccc21,QIALRBLEEWJACW-INIZCTEOSA-N
CCCN(CC1CC1)c1nc(C)nc(Nc2c(Cl)cc(Cl)cc2Cl)c1Cl,KNADXBVKFAUMCR-UHFFFAOYSA-N
Oc1ccc(O)cc1,QIGBRXMKCJKVMJ-UHFFFAOYSA-N
CC[C@H]1C[N@@]2CC[C@H]1C[C@@H]2[C@@H](O)c1ccnc2ccc(OC)cc12,LJOQGZACKSYWCH-LHHVKLHASA-N
C[C@@H](O[C@H]1OCCN(Cc2nn(P(=O)(O)O)c(=O)[nH]2)[C@H]1c1ccc(F)cc1)c1cc(C(F)(F)F)cc(C(F)(F)F)c1,BARDROPHSZEBKC-OITMNORJSA-N
CN(C)CCCOc1ccc(-c2ccc3ncc4c(c3c2)n(C2CCOCC2)c(=O)n4C)cn1,AOTRIQLYUAFVSC-UHFFFAOYSA-N
COC(=O)c1ccccc1O,OSWPMRLSEDHDFF-UHFFFAOYSA-N
CCOC(=O)COc1ccc2c(c1)C[C@@H](NC[C@H](O)c1cccc(Cl)c1)CC2,RDJQCOBTKKAQAH-FPOVZHCZSA-N
CN1C(=O)CC[C@H]1c1cccnc1,UIKROCXWUNQSPJ-VIFPVBQESA-N
COc1ccc2ccc(=O)oc2c1CC=C(C)C,MBRLOUHOWLUMFF-UHFFFAOYSA-N
Cc1ncc(C)n2nc([C@@H]3C[C@H]3c3nc4c5cccnc5ccn4c3C)nc12,ZLHNYULRKIEGAY-HZPDHXFCSA-N
N=C(N)NCCC[C@@H]1NC(=O)[C@@H](N)CSSC[C@@H](C(=O)O)NC(=O)[C@H](CC(=O)O)NC(=O)[C@@H]2CCCN2C(=O)CNC(=O)[C@H](CCCCN)NC(=O)[C@H](CC(=O)O)NC(=O)CNC1=O,YHTTWXCDIRTOQX-FQJIPJFPSA-N
CN1CCN(c2ccc(Nc3ncc4cc(C#N)c(=O)n(C5CCCC5)c4n3)cc2)CC1,VADOZMZXXRBXNY-UHFFFAOYSA-N
O=C(O)/C=C/c1ccc(-c2ccc(O)c(C34CC5CC(CC(C5)C3)C4)c2)cc1,QAWBIEIZDDIEMW-FPYGCLRLSA-N
C[C@@H]1Cc2c([nH]c3ccccc23)[C@@H](c2c(F)cc(/C=C/C(=O)O)cc2F)N1CC(C)(C)F,DFBDRVGWBHBJNR-BBNFHIFMSA-N
CC[C@@H]1C(=O)OC[C@@H]1Cc1cncn1C,QCHFTSOMWOSFHM-WPRPVWTQSA-N
CC(=O)N[C@H](Cc1ccc2ccccc2c1)C(=O)N[C@H](Cc1ccc(Cl)cc1)C(=O)N[C@H](Cc1cccnc1)C(=O)N[C@@H](CO)C(=O)N[C@@H](Cc1ccc(O)cc1)C(=O)N[C@H](CCCNC(N)=O)C(=O)N[C@@H](CC(C)C)C(=O)N[C@@H](CCCNC(=N)N)C(=O)N1CCC[C@H]1C(=O)N[C@H](C)C(N)=O,SBNPWPIBESPSIF-MHWMIDJBSA-N
CC(C)(C)c1cc(O)c(C(C)(C)C)cc1O,JZODKRWQWUWGCD-UHFFFAOYSA-N
Nc1nccc(-c2ccc3noc(-c4ccc(Cl)cc4)c3c2)n1,AQVFETGXIRKVAQ-UHFFFAOYSA-N
O=C(O)c1cc(=O)c2c(Cl)cc(Cl)cc2[nH]1,BGKFPRIGXAVYNX-UHFFFAOYSA-N
COc1ccnc2[nH]cc(C(=O)C(=O)N3CCN(C(=O)c4ccccc4)C[C@H]3C)c12,OKGPFTLYBPQBIX-CQSZACIVSA-N
CC(C)Oc1ccc(-c2cnc3c(-c4ccnc5ccccc45)cnn3c2)cc1,JMIFGARJSWXZSH-UHFFFAOYSA-N
C=C[C@]1(C)C[C@@H](OC(=O)CSC(C)(C)CNC(=O)[C@H](N)C(C)C)[C@]2(C)[C@H](C)CC[C@]3(CCC(=O)[C@H]32)[C@@H](C)[C@@H]1O,LLYYNOVSVPBRGV-MVNKZKPCSA-N
CCOC(=O)Nc1c[n+](N2CCOCC2)no1,XLFWDASMENKTKL-UHFFFAOYSA-O
O=c1c2ccccc2nc2n1CCCCC2,HTLIIBRHXAULMB-UHFFFAOYSA-N
Oc1ccc([C@@H]2Oc3ccc(O)cc3[C@@H]3CCC[C@@H]32)cc1,XIESSJVMWNJCGZ-VKJFTORMSA-N
Cc1cn(C[C@H](N)C(=O)O)c(=O)n(Cc2ccsc2C(=O)O)c1=O,ZTAZUCRXCRXNSU-VIFPVBQESA-N
C[N+]1(C)CCc2cc3c(cc2[C@H]1[C@@H]1OC(=O)c2c1ccc1c2OCO1)OCO3,WDIQXKYUSINZME-RBUKOAKNSA-N
N#Cc1cc(-c2nnc(-c3ccncc3)[nH]2)ccn1,UBVZQGOVTLIHLH-UHFFFAOYSA-N
CS(=O)(=O)OCCCCOS(C)(=O)=O,COVZYZSDYWQREU-UHFFFAOYSA-N
Nc1ncnc2c1c(-c1ccc(Oc3ccccc3)cc1)nn2C1CCCC1,GMJUPMONHWAZCP-UHFFFAOYSA-N
C#CCN[C@@H]1CCc2ccccc21,RUOKEQAAGRXIBM-GFCCVEGCSA-N
C[C@H](C(=O)O)c1ccc(-c2ccccc2)c(F)c1,SYTBZMRGLBWNTM-JTQLQIEISA-N
CC[C@H](CO)Nc1nc(NCc2ccc(-c3ccccn3)cc2)c2ncn(C(C)C)c2n1,HOCBJBNQIQQQGT-LJQANCHMSA-N
CC(C)C[C@@H](C(=O)N[C@@H](Cc1ccc(OCc2ccccc2)cc1)C(=O)NC(C)(C)C)N(C)Cc1ccc(C(C)(C)C)cc1,GCDHMGROXQUFNR-HEVIKAOCSA-N
C[C@@]12CCc3occc3[C@H]1CC[C@@]13C[C@@H](CC[C@H]12)[C@@](O)(CO)C3,DNJVYWXIDISQRD-HWUKTEKMSA-N
OC[C@H]1O[C@@H](Oc2ccc(O)cc2)[C@H](O)[C@@H](O)[C@@H]1O,BJRNKVDFDLYUGJ-RMPHRYRLSA-N
Clc1ccc(N2CCN(Cc3c[nH]c4ncccc34)CC2)cc1,OGJGQVFWEPNYSB-UHFFFAOYSA-N
CC(C)Nc1ncccn1,FTCYIGBVOHNHCD-UHFFFAOYSA-N
COc1cc(C(=O)NCCCCCC(=O)O)cc(OC)c1OC,MPTXLVRHYGBOQY-UHFFFAOYSA-N
Cc1ccc2c(=O)c3cccc(CC(=O)O)c3oc2c1C,XGOYIMQSIKSOBS-UHFFFAOYSA-N
COc1cc(C(=O)OCCCCNC(=N)N)cc(OC)c1O,WNGSUWLDMZFYNZ-UHFFFAOYSA-N
CN(C)CCn1cc(C(=O)N2CCC3(CC2)OCc2ccccc23)c2ccc(Cl)cc21,QZXVLRCMAHJVIP-UHFFFAOYSA-N
COc1cc2ncn(-c3cc(OCc4ccccc4C(F)(F)F)c(C(N)=O)s3)c2cc1OC,JSKUWFIZUALZLX-UHFFFAOYSA-N
Nc1nc(N)c2nc(-c3cccc(O)c3)c(-c3cccc(O)c3)nc2n1,UJIAQDJKSXQLIT-UHFFFAOYSA-N
Cc1cc(NCCO)nc(-c2ccc(Br)cc2)n1,DUKPGOOUJNUIOI-UHFFFAOYSA-N
COc1cc(O)c(C(=O)c2ccccc2)cc1S(=O)(=O)O,CXVGEDCSTKKODG-UHFFFAOYSA-N
O=[N+]([O-])c1cccc2c(Br)[nH]nc12,NFSTZPMYAZRZPC-UHFFFAOYSA-N
CNCCCOc1cc(F)c(-c2c(Cl)nc3ncnn3c2N[C@@H](C)C(F)(F)F)c(F)c1,ZUZPCOQWSYNWLU-VIFPVBQESA-N
CNCC(=O)c1ccc(O)c(O)c1,PZMVOUYYNKPMSI-UHFFFAOYSA-N
CCOC(=O)[C@H](Cc1ccccc1)NC(=O)c1cc(Cl)c(OCCN2CCN(C)CC2)c(Cl)c1O,IPSSXIMJJXSJQB-FQEVSTJZSA-N
NC[C@H]1O[C@H](O[C@H]2[C@H](O)[C@@H](O[C@H]3O[C@H](CO)[C@@H](O)[C@H](N)[C@H]3O)[C@H](N)C[C@@H]2N)[C@H](N)C[C@@H]1O,NLVFBUXFDBBNBW-PBSUHMDJSA-N
Nc1nc(F)nc2c1ncn2[C@@H]1O[C@H](COP(=O)(O)O)[C@@H](O)[C@@H]1O,GIUYCYHIANZCFB-FJFJXFQQSA-N
O=C(Nc1nnn[nH]1)c1cncc(N2CCCC2)n1,LUJDHCXCWJFNOJ-UHFFFAOYSA-N
FC(F)(F)Oc1ccc2nc(-c3ccc(OCCOCCOc4ccc(-c5nc6ccc(OC(F)(F)F)cc6[nH]5)nc4)cn3)[nH]c2c1,WJBSSBFGPKTMQQ-UHFFFAOYSA-N
COc1ccc(/C=C\c2cc(OC)c(OC)c(OC)c2)cc1O,HVXBOLULGPECHP-WAYWQWQTSA-N
COc1ccc(C(=O)c2c(C)n(CCN3CCOCC3)c3cc(I)ccc23)cc1,JHOTYHDSLIUKCJ-UHFFFAOYSA-N
Cc1cccc(Nc2ccccc2C(=O)O)c1C,HYYBABOKPJLUIN-UHFFFAOYSA-N
CN1C(=O)N(c2cc(Cl)cc(Cl)c2)C(=O)[C@]12CN(Cc1cc(C(=O)O)cs1)C[C@H]2c1ccc(C#N)cc1,NXNKJLOEGWSJGI-BKMJKUGQSA-N
Nc1nc2ccc(OC(F)(F)F)cc2s1,FTALBRSUTCGOEG-UHFFFAOYSA-N
O=C(O)c1ccccc1C(=O)Nc1ccc(-c2ccccc2)cc1,SLUINPGXGFUMLL-UHFFFAOYSA-N
CCn1c(-c2nonc2N)nc2cncc(C(=O)N3CC[C@H](N)C3)c21,PHWHNHYZZNJPLB-QMMMGPOBSA-N
CN1CC[C@@H](NC(=O)Nc2ccc(C#N)cc2)C[C@@H]1c1nc2ccccc2[nH]1,SFNSLLSYNZWZQG-VQIMIIECSA-N
COC(=O)N[C@H](C(=O)N1CCC[C@H]1C(=O)Nc1ccc([C@@H]2CC[C@@H](c3ccc(NC(=O)[C@@H]4CCCN4C(=O)[C@@H](NC(=O)OC)C(C)C)cc3)N2c2ccc(C(C)(C)C)cc2)cc1)C(C)C,PIDFDZJZLOTZTM-KHVQSSSXSA-N
CN1CCc2nc(C(=O)N[C@@H]3C[C@@H](C(=O)N(C)C)CC[C@@H]3NC(=O)C(=O)Nc3ccc(Cl)cn3)sc2C1,HGVDHZBSSITLCT-JLJPHGGASA-N
O=C(O)c1ccccc1NC(=O)N1CCC(c2ccccc2C(F)(F)F)CC1,MEAQCLPMSVEOQF-UHFFFAOYSA-N
Nc1nccc(/C=C/c2ccccc2)n1,LNUXNUNUGIHCPA-VOTSOKGWSA-N
CCN(CC)CCNC(=O)c1cc(Br)c(N)cc1OC,GIYAQDDTCWHPPL-UHFFFAOYSA-N
O=C(/C=C/c1cccnc1)c1ccncc1,UOWGYMNWMDNSTL-ONEGZZNKSA-N
CC[N+](C)(CC)CCC[n+]1c(-c2ccccc2)c2cc(N)ccc2c2ccc(N)cc21,ZDWVWKDAWBGPDN-UHFFFAOYSA-O
COc1ccc(C[C@@H](C)NC[C@H](O)c2ccc(O)c3[nH]c(=O)ccc23)cc1,IHOXNOQMRZISPV-YJYMSZOUSA-N
O=C(O)CSc1nnc(Br)n1-c1ccc(C2CC2)c2ccccc12,FGQFOYHRJSUHMR-UHFFFAOYSA-N
CCOC(=O)Nc1ccc(NCc2c(C)cc(C)cc2C)cc1N,SCOOTUMXCXKEAD-UHFFFAOYSA-N
Nc1nc2ccc(OC(F)(F)F)cc2s1,FTALBRSUTCGOEG-UHFFFAOYSA-N
O=C(CBr)N1CC([N+](=O)[O-])([N+](=O)[O-])C1,JODKFOVZURLVTG-UHFFFAOYSA-N
COc1cccc(C(=O)Nc2ccc(OCCN3CCOCC3)c(-c3ccnn3C)c2)c1,ZEOQUKRCASTCFR-UHFFFAOYSA-N
C=C1CC[C@@]2(O)[C@H]3Cc4ccc(O)c5c4[C@@]2(CCN3CC2CC2)[C@H]1O5,WJBLNOPPDWQMCH-MBPVOVBZSA-N
c1ccc2sc(SN3CCOCC3)nc2c1,MHKLKWCYGIBEQF-UHFFFAOYSA-N
COc1ccc(CCC(=O)Nc2nc3ccc(Cl)cc3s2)cc1OC,LXFKEVQQSKQXPR-UHFFFAOYSA-N
O=C1CCC2CCC(=O)N12,IEZDOKQWPWZVQF-UHFFFAOYSA-N
Cn1cc(-c2[nH]c3cc(NC(=O)[C@H](N)C4CCCCC4)cc4c3c2C=NNC4=O)cn1,NDEXUOWTGYUVGA-LJQANCHMSA-N
CC(C)(O)C(Cl)(Cl)Cl,OSASVXMJTNOKOY-UHFFFAOYSA-N
OC[C@H]1O[C@H](O)[C@H](O)[C@@H](O)[C@@H]1O,WQZGKKKJIJFFOK-DVKNGEFBSA-N
COc1ccc(Cl)cc1[C@]1(F)C(=O)Nc2cc(C(F)(F)F)ccc21,ULYONBAOIMCNEH-HNNXBMFYSA-N
CC(C)(C)Nc1nc(Nc2ccc(C(N)=O)cc2)cc(N)c1C#N,XDEFNAWAKYQBQY-UHFFFAOYSA-N
COc1ccc(C(=O)NCc2ccc(OCCN(C)C)cc2)cc1OC,QQQIECGTIMUVDS-UHFFFAOYSA-N
CN1[C@@H]2CC[C@H]1C[C@@H](OC(=O)N1Cc3ccccc3NC1=O)C2,NWXCDQHBVVPPTL-WDNDVIMCSA-N
CN(C)CCN(Cc1ccccc1)c1ccccn1,UFLGIAIHIAPJJC-UHFFFAOYSA-N
COc1ccc2c(c1OC)C(=O)O[C@@H]2[C@H]1c2c(cc3c(c2OC)OCO3)CCN1C,AKNNEGZIBPJZJG-MSOLQXFVSA-N
CC(C)=CCC/C(C)=C/CC/C(C)=C/C=C/C(C)=C/C(=O)O,UUBHZHZSIKRVIV-KCXSXWJSSA-N
COc1cccc2c1C(=O)c1c(O)c3c(c(O)c1C2=O)C[C@@](O)(C(C)=O)C[C@@H]3O[C@H]1C[C@H](N)[C@H](O)[C@H](C)O1,STQGQHZAVUOBTE-VGBVRHCVSA-N
O=C1Nc2ccccc2/C1=C1/Nc2ccccc2/C1=N\O,HBDSHCUSXQATPO-BGBJRWHRSA-N
O=C(CCCCCCCC(=O)NCCO)NCCO,PAHZPHDAJQIETD-UHFFFAOYSA-N
Nc1ccc(C(=O)O)c(O)c1,WUBBRNOQWQTFEX-UHFFFAOYSA-N
CNCc1ccc(-c2[nH]c3cc(F)cc4c3c2CCNC4=O)cc1,HMABYWSNWIZPAG-UHFFFAOYSA-N
COC(=O)N[C@H](C(=O)N1CCC[C@H]1c1nc(-c2ccc(-c3ccc(-c4c[nH]c([C@@H]5CCCN5C(=O)[C@@H](NC(=O)OC)C(C)C)n4)cc3)cc2)c[nH]1)C(C)C,FKRSSPOQAMALKA-CUPIEXAXSA-N
COc1ccc2[nH]c(-c3ccccc3)c(CCNC(C)=O)c2c1,OFCLARYYBGKCHN-UHFFFAOYSA-N
Cn1nccc1Nc1nccc(-c2ccn([C@H](CO)c3ccc(Cl)c(F)c3)c(=O)c2)n1,RZUOCXOYPYGSKL-GOSISDBHSA-N
O=C1NCCN1CCN1CCC(c2cn(-c3ccc(F)cc3)c3ccc(Cl)cc23)CC1,GZKLJWGUPQBVJQ-UHFFFAOYSA-N
CCCCNC(=O)[C@@H]1Cc2ccccc2N1C(=O)[C@@H](N)CC,HAQIRIMIVLFYIX-ZFWWWQNUSA-N
C[n+]1c2cc(N)ccc2cc2ccc(N)cc21,XSIOKTWDEOJMGG-UHFFFAOYSA-O
CCCCCCCCCCCCCCCC[n+]1ccccc1,NEUSVAOJNUQRTM-UHFFFAOYSA-N
COc1cc(CNCCC2CCOCC2)ccc1Oc1cnc(C(N)=O)cn1,ZGCYVRNZWGUXNQ-UHFFFAOYSA-N
CN/C(=N\C#N)NCCSCc1[nH]cnc1C,AQIXAKUUQRKLND-UHFFFAOYSA-N
O=c1[nH]c(=O)n(Cl)c(=O)n1Cl,CEJLBZWIKQJOAT-UHFFFAOYSA-N
OC(c1ccccc1)(c1ccccc1)C12CC[N+](CCOCc3ccccc3)(CC1)CC2,FVTWTVQXNAJTQP-UHFFFAOYSA-N
O=C(CN1C(=O)c2ccccc2S1(=O)=O)Nc1ccc(O)cc1,PUPNJSIFIXXJCH-UHFFFAOYSA-N
C=CCC1(CC(C)C)C(=O)NC(=O)NC1=O,UZVHFVZFNXBMQJ-UHFFFAOYSA-N
CC1(COc2ccc3c(c2)ncn3-c2ccc3cccc(N4CCC(N)CC4)c3n2)COC1,DYNHJHQFHQTFTP-UHFFFAOYSA-N
Cc1ncc(C)n2nc([C@@H]3C[C@H]3c3nc4c5cccnc5ccn4c3C)nc12,ZLHNYULRKIEGAY-HZPDHXFCSA-N
NCCc1ccc(O)c(O)c1,VYFYYTLLBUKUHU-UHFFFAOYSA-N
CSCC[C@H](NC(=O)[C@H](Cc1ccc(OS(=O)(=O)O)cc1)NC(=O)[C@@H](N)CC(=O)O)C(=O)NCC(=O)N[C@@H](Cc1c[nH]c2ccccc12)C(=O)N[C@@H](CCSC)C(=O)N[C@@H](CC(=O)O)C(=O)N[C@@H](Cc1ccccc1)C(N)=O,IZTQOLKUZKXIRV-YRVFCXMDSA-N
NC(=S)N/N=C/c1ccncc1,QTSJJDIDTYFLFC-BJMVGYQFSA-N
COc1ccc2cc(-c3cc(-c4cc(Cl)cc(Cl)c4)nn3[C@@H](C)c3ccc(C(=O)NCCC(=O)O)cc3)ccc2c1,DNTVJEMGHBIUMW-IBGZPJMESA-N
CCNC(=O)c1noc(-c2cc(C(C)C)c(O)cc2O)c1-c1ccc(CN2CCOCC2)cc1,NDAZATDQFDPQBD-UHFFFAOYSA-N
Cc1cc(Nc2ccc(F)c(C[C@@]3(C(=O)O)CCN(Cc4cccc(Cl)c4F)[C@H](C)C3)n2)n[nH]1,YQQZZYYQTCPEAS-OYLFLEFRSA-N
O=C(NC[C@H](O)CO)c1ccncc1Nc1ccc(I)cc1F,VIUAUNHCRHHYNE-JTQLQIEISA-N
CCn1c(-c2nonc2N)nc2cncc(C(=O)N3CC[C@H](N)C3)c21,PHWHNHYZZNJPLB-QMMMGPOBSA-N
O=C1c2ccccc2C(=O)c2c(NCCNCCO)ccc(NCCNCCO)c21,FFGSXKJJVBXWCY-UHFFFAOYSA-N
OC(c1ccccc1)(c1ccccc1)C12CC[N+](CCOCc3ccccc3)(CC1)CC2,FVTWTVQXNAJTQP-UHFFFAOYSA-N
CCc1ccc(/C=C/C(=O)Nc2ccc(C(C)=O)cc2)o1,SPTWXRJNCFIDRQ-ZHACJKMWSA-N
CC(C)[C@@H](CC[C@@H](C)[C@H]1CC[C@H]2[C@@H]3[C@H](O)C[C@H]4C[C@@H](NCCCNCCCCNCCCN)CC[C@]4(C)[C@H]3CC[C@]12C)OS(=O)(=O)O,WUJVPODXELZABP-FWJXURDUSA-N
C=C(c1ccc(C(=O)O)cc1)c1cc2c(cc1C)C(C)(C)CCC2(C)C,NAVMQTYZDKMPEU-UHFFFAOYSA-N
COc1ccc2cc1Oc1ccc(cc1)C[C@H]1c3cc(c(OC)cc3CCN1C)Oc1c(OC)c(OC)cc3c1[C@H](C2)N(C)CC3,WVTKBKWTSCPRNU-KYJUHHDHSA-N
Cn1cnc2[nH]c(=O)[nH]c(=O)c21,PFWLFWPASULGAN-UHFFFAOYSA-N
CC(=O)N[C@@H](CC(C)C)C(=O)O,WXNXCEHXYPACJF-ZETCQYMHSA-N
CC(=O)N1CCC(NC(=O)c2ccc(F)cc2)CC1,VBHVOHJOTMCSBQ-UHFFFAOYSA-N
NC(=O)NCCN1CCN(c2cccc(C(F)(F)F)c2)CC1,CHQKHXJPWDSTPY-UHFFFAOYSA-N
CCOC(=O)c1ccc(N)cc1,BLFLLBZGZJTVJG-UHFFFAOYSA-N
C=CC(=O)Nc1ccc2ncnc(Nc3ccc(OCc4cccc(F)c4)c(Cl)c3)c2c1,MVZGYPSXNDCANY-UHFFFAOYSA-N
O=C(Nc1nnn[nH]1)c1cncc(N2CCCC2)n1,LUJDHCXCWJFNOJ-UHFFFAOYSA-N
Nc1ccn(C[C@@H](CO)OCP(=O)(O)O)c(=O)n1,VWFCHDSQECPREK-LURJTMIESA-N
CCn1c2ccccc2c2cc(CNCc3ccccc3OC)ccc21,FIOIJUCPVZEPFX-UHFFFAOYSA-N
O=C(NCC(=O)N1CCCC1)Nc1ccc2cnccc2c1,DMIDPTCQPIJYFE-UHFFFAOYSA-N
CN[C@H](CC(C)C)C(=O)N[C@H]1C(=O)N[C@@H](CC(N)=O)C(=O)N[C@H]2C(=O)N[C@H]3C(=O)N[C@H](C(=O)N[C@H](C(=O)O)c4cc(O)cc(O)c4-c4cc3ccc4O)[C@H](O[C@H]3C[C@](C)(N)[C@@H](O)[C@H](C)O3)c3ccc(c(Cl)c3)Oc3cc2cc(c3O[C@@H]2O[C@H](CO)[C@@H](O)[C@H](O)[C@H]2O[C@H]2C[C@](C)(NCc3ccc(-c4ccc(Cl)cc4)cc3)[C@@H](O)[C@H](C)O2)Oc2ccc(cc2Cl)[C@H]1O,VHFGEBVPHAGQPI-LXKZPTCJSA-N
O=C(O)c1ccccc1Nc1cccc(OCc2ccc3ccccc3n2)c1,LMPZHLXYBWGGNT-UHFFFAOYSA-N
O=c1[nH]cnc2ccccc12,QMNUDYFKZYBWQX-UHFFFAOYSA-N
N=C(N=C(N)Nc1ccc(Cl)cc1)NCCCCCCNC(=N)N=C(N)Nc1ccc(Cl)cc1,GHXZTYHSJHQHIJ-UHFFFAOYSA-N
N[C@@H](Cc1c[nH]c2ccccc12)C(=O)O,QIVBCDIJIAJPQS-VIFPVBQESA-N
CCOC(=O)Nc1ccc2c(c1)N(C(=O)CCN(CC)CC)c1ccccc1S2,PQXGNJKJMFUPPM-UHFFFAOYSA-N
Cn1cc(CCn2cnc(-c3cnn(C)c3)c2-c2ccc(C#N)cc2)cn1,RRZVGDGTWNQAPW-UHFFFAOYSA-N
COc1cc2nc(N3CCCN(C)CC3)nc(NC3CCN(Cc4ccccc4)CC3)c2cc1OC,OSXFATOLZGZLSK-UHFFFAOYSA-N
NCC(=O)N[C@@H](CCC(N)=O)C(=O)O,PNMUAGGSDZXTHX-BYPYZUCNSA-N
N=C(N)NCCNS(=O)(=O)c1cccc2cnccc12,MZNDNBFMSVMUCX-UHFFFAOYSA-N
CCOC(=O)CCC(=O)O[C@H]1[C@H](O[C@@H]2[C@@H](C)[C@H](O[C@H]3C[C@@](C)(OC)[C@@H](O)[C@H](C)O3)[C@@H](C)C(=O)O[C@H](CC)[C@@](C)(O)[C@H](O)[C@@H](C)C(=O)[C@H](C)C[C@@]2(C)O)O[C@H](C)C[C@@H]1N(C)C,NSYZCCDSJNWWJL-YXOIYICCSA-N
CCC/N=C1\S/C(=C\c2ccc(OC[C@H](O)CO)c(Cl)c2)C(=O)N1c1ccccc1C,LPAUOXUZGSBGDU-STDDISTJSA-N
CNCc1ccc(C)c(NC(=O)c2ccc(Nc3nc(-c4ccccc4)c4ccccc4n3)cc2)c1,KLRRGBHZCJLIEL-UHFFFAOYSA-N
COC(=O)c1c(-c2cc(OC)c(OC)c(OC)c2)c2ccnc(OCc3ncccn3)c2c(=O)n1Cc1ccnc(C)c1,JEMJAABFSYOLAP-UHFFFAOYSA-N
CC(C)(C=O)Cc1cc(C(C)(C)C)c(O)c(C(C)(C)C)c1,XGWATTXMMMANFJ-UHFFFAOYSA-N
NS(=O)(=O)Cc1noc2ccccc12,UBQNRHZMVUUOMG-UHFFFAOYSA-N
O=c1[nH]c(=O)n([C@H]2C[C@H](O)[C@@H](CO)O2)cc1F,ODKNJVUHOIMIIZ-RRKCRQDMSA-N
O=C(O)[C@H](Cc1c[nH]c2ccccc12)N1C(=O)c2ccccc2C1=O,HPTXLHAHLXOAKV-INIZCTEOSA-N
Cc1c(N2C(=O)[C@@H]3[C@H](O)CCN3C2=O)ccc(C#N)c1Cl,KEJORAMIZFOODM-PWSUYJOCSA-N
COCCN1CCC(N(Cc2ccc(-c3ccc(C(F)(F)F)cc3)cc2)C(=O)Cn2c(SCc3cccc(F)c3F)cc(=O)c3ccccc32)CC1,NNBGCSGCRSCFEA-UHFFFAOYSA-N
O=C1CCCC(=O)C1C(=O)c1ccc(C(F)(F)F)cc1[N+](=O)[O-],OUBCNLGXQFSTLU-UHFFFAOYSA-N
NS(=O)(=O)c1cc2c(cc1Cl)NCNS2(=O)=O,JZUFKLXOESDKRF-UHFFFAOYSA-N
C[C@@]12N[C@@H](Cc3ccccc31)c1ccccc12,LBOJYSIDWZQNJS-JKSUJKDBSA-N
Nn1cnc2cc3ccccc3cc2c1=O,CZXUQBVMAUWSBX-UHFFFAOYSA-N
NCCC(O)(P(=O)(O)O)P(=O)(O)O,WRUUGTRCQOWXEG-UHFFFAOYSA-N
CCn1c(=O)/c(=C2\Sc3ccccc3N2C)s/c1=C/c1cccc[n+]1CC,QLYHOWIZHHZGPV-XUTLUUPISA-N
COc1ccc(/C=C\c2cc(OC)c(OC)c(OC)c2)cc1NC(=O)[C@@H](N)CO,IXWNTLSTOZFSCM-YVACAVLKSA-N
CCCN(CCC)S(=O)(=O)c1ccc(C(=O)O)cc1,DBABZHXKTCFAPX-UHFFFAOYSA-N
Nc1ccc(S(=O)(=O)Nc2ncccn2)cc1,SEEPANYCNGTZFQ-UHFFFAOYSA-N
NC(=O)[C@H]1CCN(c2ncnc(N)c2F)C[C@@H]1N1CCC[C@@H](Nc2cc(Cl)cc(C(F)(F)F)c2)C1=O,QLRRJMOBVVGXEJ-XHSDSOJGSA-N
CC(C)OC(=O)N1CCC(Oc2ncnc3c2cnn3-c2ccc(S(C)(=O)=O)cc2F)CC1,XTRUQJBVQBUKSQ-UHFFFAOYSA-N
O=C(N[C@@H](Cc1c[nH]c2ccccc12)C(=O)O)c1ccc(Cl)cc1,QJERBBQXOMUURJ-INIZCTEOSA-N
COc1ccccc1S(=O)(=O)Nc1ccc2c(c1)CN(C)C(=O)N2,TXZPMHLMPKIUGK-UHFFFAOYSA-N
NCCNCCNCCN,VILCJCGEZXAXTO-UHFFFAOYSA-N
Nc1c(CC(=O)O)cccc1C(=O)c1ccccc1,SOYCMDCMZDHQFP-UHFFFAOYSA-N
CCOc1ccccc1OCCN[C@H](C)Cc1ccc(OC)c(S(N)(=O)=O)c1,DRHKJLXJIQTDTD-OAHLLOKOSA-N
NS(=O)(=O)OC[C@@H]1C[C@@H](n2ccc3c(N[C@H]4CCc5ccccc54)ncnc32)C[C@@H]1O,MPUQHZXIXSTTDU-QXGSTGNESA-N
O=C(/C=C/c1ccc2ccc(C(F)(F)F)cc2n1)c1ccncc1,IAJOMYABKVAZCN-AATRIKPKSA-N
O=C(O)CCC/C=C\C[C@@H]1CO[C@H](C(F)(F)F)O[C@@H]1c1ccccc1O,ZWAVGFSZMACJHA-PMNBYGLBSA-N
O=C(O)CCn1c2c(c3ccccc31)C[C@H](NS(=O)(=O)c1ccc(F)cc1)CC2,LDXDSHIEDAPSSA-OAHLLOKOSA-N
Cc1ncc(CO)c(CO)c1O,LXNHXLLTXMVWPM-UHFFFAOYSA-N
CCCCCCNC(=O)n1cc(F)c(=O)[nH]c1=O,AOCCBINRVIKJHY-UHFFFAOYSA-N
C[N+]1(CCCCC[N+]2(C)CCCC2)CCCC1,XSBSKEQEUFOSDD-UHFFFAOYSA-N
c1ccc(CCNc2nc(-c3ccccc3)cs2)cc1,WEEYMMXMBFJUAI-UHFFFAOYSA-N
O=c1[nH]cnc2ccccc12,QMNUDYFKZYBWQX-UHFFFAOYSA-N
CC(C)c1cc(N2CC[C@@H](N)C2)nc(N)n1,COOGVHJHSCBOQT-MRVPVSSYSA-N
O=C(O)c1ccc2c(c1)nc(Nc1cccc(Cl)c1)c1ccncc12,MUOKSQABCJCOPU-UHFFFAOYSA-N
O=C(O)COc1nn(Cc2ccccc2)c2ccccc12,BYFMCKSPFYVMOU-UHFFFAOYSA-N
Cc1nc2c(C)cccn2c(=O)c1CCN1CCC(c2noc3cc(F)ccc23)CC1,ZZQNEJILGNNOEP-UHFFFAOYSA-N
O=C(CCCO)NCCO,MFHPPMMWHSHDSI-UHFFFAOYSA-N
COc1ccc(-c2csc(NC(=O)[C@H]3CCCCN3S(=O)(=O)c3ccc(C)cc3)n2)cc1,OXQNLLVUVDAEHC-OAQYLSRUSA-N
COC[C@H](C)Oc1cc(O[C@@H](C)Cc2ccccc2)cc(C(=O)Nc2ccc(C(=O)O)cn2)c1,OCBMECSFDVUYQN-ROUUACIJSA-N
CC(C)(O)[C@H]1CC[C@@](C)([C@H]2[C@@H](O)C[C@@]3(C)[C@@H]4C[C@H](O[C@@H]5O[C@H](CO)[C@@H](O)[C@H](O)[C@H]5O)[C@H]5C(C)(C)[C@@H](O[C@@H]6OC[C@@H](O)[C@H](O)[C@H]6O)CC[C@@]56C[C@@]46CC[C@]23C)O1,QMNWISYXSJWHRY-AUJDEUPOSA-N
COc1ccc(NC(=O)c2ccc(-c3ccc(-c4noc(C)n4)cc3C)cc2)cc1OCCN(C)C,JRNUKVFYILMMLX-UHFFFAOYSA-N
Cc1ccc(NC(=O)[C@H]2CCCN(C(=O)c3c(C)cccc3F)[C@H]2c2ccc(NC3CCCC3)cc2)cc1C(F)(F)F,PUKBOVABABRILL-YZNIXAGQSA-N
Cc1cc(OCc2nc(-c3ccccc3Cl)cs2)ccc1OCC(=O)O,FONSSTYHKIFEBM-UHFFFAOYSA-N
OC1(CN2CCC(COc3noc4cccc(O[C@@H]5CCOC5)c34)CC2)CCOCC1,WLLOFQROROXOMO-GOSISDBHSA-N
S=C=Nc1cccc(C2(N3CCCCC3)CCCCC2)c1,FGSGBQAQSPSRJK-UHFFFAOYSA-N
Cc1cc2nc3c(=O)[nH]c(=O)nc-3n(C[C@H](O)[C@H](O)[C@H](O)CO)c2cc1C,AUNGANRZJHBGPY-SCRDCRAPSA-N
CN(NO)C(=O)N[C@@H]1[C@@H](O)[C@H](O)[C@@H](CO)O[C@@H]1O,LUNQAAUVSFIVKD-GKHCUFPYSA-N
COc1cc(NC(=O)Nc2cccc(CNC(=O)O[C@H]3CCOC3)c2)ccc1-c1cnco1,JBPUGFODGPKTDW-SFHVURJKSA-N
COc1ccccc1N1CCN(CCCCNC(=O)c2ccc(-c3ccc(C(C)=O)cc3)cc2)CC1,JARNORYOPMINDY-UHFFFAOYSA-N
NC[C@@](O)(c1ccc(Cl)cc1)c1ccc(-c2cn[nH]c2)cc1,IIRWNGPLJQXWFJ-KRWDZBQOSA-N
COc1ccc(CN(C(=O)[C@@H](N)Cc2c(C)cc(C(N)=O)cc2C)[C@@H](C)c2nc(-c3ccccc3)c[nH]2)cc1C(=O)O,QFNHIDANIVGXPE-FNZWTVRRSA-N
Nc1c[n+](N2CCOCC2)no1,XZYRDNUZENBYFI-UHFFFAOYSA-N
Cc1cc(Nc2cc(CN3CCOCC3)c3nc(C)c(Cc4ccc(Cl)cc4F)n3n2)[nH]n1,SQSZANZGUXWJEA-UHFFFAOYSA-N
CNc1nc(C)nc(N[C@H]2CCC[C@@H](C(=O)NCc3ccc(C#N)cc3C(F)(F)F)C2)n1,LQHDJQIMETZMPH-ZBFHGGJFSA-N
Cc1ccc(CNc2ncnc3ccc(-c4ccc(CO)o4)cc23)o1,ROCFOIBAEVAOLQ-UHFFFAOYSA-N
CNC(=O)c1cc2c(cn1)[nH]c1ccccc12,QMCOPDWHWYSJSA-UHFFFAOYSA-N
Cc1cccc(Nc2ccccc2C(=O)O)c1C,HYYBABOKPJLUIN-UHFFFAOYSA-N
COc1ccc(Oc2cc(NCCC(F)(F)F)c3ncc(-c4ccc(C(=O)NC5CC5)c(C)c4)n3n2)c(F)c1F,WNEILUNVMHVMPH-UHFFFAOYSA-N
Cn1c(=O)c2c(ncn2CC(=O)O)n(C)c1=O,HCYFGRCYSCXKNQ-UHFFFAOYSA-N
C[N+](C)(C)NCCC(=O)O,PVBQYTCFVWZSJK-UHFFFAOYSA-O
C=CC(=O)N1CCN(C(=O)CNc2cc(I)c(Cl)cc2O)CC1,JFIFBWVNHLXJFY-UHFFFAOYSA-N
C[C@H](N)C(=O)N[C@@]1(C(=O)O)C[C@@H](Sc2nnc[nH]2)[C@H]2[C@H](C(=O)O)[C@H]21,BBGHHIUQOKQCBW-LDZWZCGGSA-N
Cc1o[nH]c(=O)c1C[C@H](N)C(=O)O,UUDAMDVQRQNNHZ-YFKPBYRVSA-N
CCN(CC)C(=O)c1cccc(C)c1,MMOXZBCLCQITDF-UHFFFAOYSA-N
NC(=O)Nc1sc(-c2ccc(F)cc2)cc1C(N)=O,SAYGKHKXGCPTLX-UHFFFAOYSA-N
COC(=O)c1ccc(C(c2c[nH]c3ccccc23)c2c[nH]c3ccccc23)cc1,BBAOKSZCULLDIW-UHFFFAOYSA-N
O=C(O)c1ccccc1NCCc1ccccc1,HLNLBEFKHHCAMV-UHFFFAOYSA-N
CC[C@@]1(O)C(=O)OCc2c1cc1n(c2=O)Cc2cc3c(N)cccc3nc2-1,FUXVKZWTXQUGMW-FQEVSTJZSA-N
O=C1[C@@H]2[C@H]3CC[C@H](C3)[C@@H]2C(=O)N1CCCCN1CCN(c2ncccn2)CC1,CEIJFEGBUDEYSX-FZDBZEDMSA-N
C=CC(=O)N[C@H]1CCOC[C@H]1Nc1ncc2cc(-c3c(Cl)c(OC)cc(OC)c3Cl)ccc2n1,MGZKYOAQVGSSGC-DLBZAZTESA-N
COc1ccc(C(NC(=O)c2cnc(-c3cccnn3)[nH]c2=O)c2ccc(OC)cc2)cc1,WXLPERVDMILVIF-UHFFFAOYSA-N
COc1cc(-n2cnc3cc(-c4ccc(Cl)cc4)sc3c2=O)ccc1OCCN1CCCC1,MWULMTACIBZPGN-UHFFFAOYSA-N
CCc1ccc2c(-c3cccc(Cl)c3)nc(=O)n(CC)c2n1,MNHXYNNKDDXKNP-UHFFFAOYSA-N
NC(=O)c1cccc(-c2cccc(OC(=O)NC3CCCCC3)c2)c1,ROFVXGGUISEHAM-UHFFFAOYSA-N
Nc1ccc(F)cc1NC(=O)c1ccc(CNC(=O)/C=C/c2cccnc2)cc1,WXHHICFWKXDFOW-BJMVGYQFSA-N
CC[C@H](C)[C@H](NC(=O)[C@H](Cc1ccc(O)cc1)NC(=O)[C@@H](NC(=O)[C@@H](CCCNC(=N)N)NC(=O)[C@@H](N)CC(=O)O)C(C)C)C(=O)N[C@@H](Cc1cnc[nH]1)C(=O)N1CCC[C@@H]1C(=O)N[C@H](Cc1ccccc1)C(=O)O,CZGUSIXMZVURDU-FCWOTDAASA-N
Clc1cnccn1,GELVZYOEQVJIRR-UHFFFAOYSA-N
CCCCCCCC(=O)c1ccc(O)c(C(=O)O)c1,IXIGWKNBFPKCCD-UHFFFAOYSA-N
CCCCCCCCCCCCCCCC(=O)O[C@@H]1[C@@H](O)[C@@H](O)[C@@H]([C@H](NC(=O)[C@@H]2C[C@@H](CCC)CN2C)[C@H](C)Cl)O[C@@H]1SC,OYSKUZDIHNKWLV-PRUAPSLNSA-N
CC(C)(C)c1ccc(S(=O)(=O)NCc2ccc(C(=O)Nc3cccnc3)cc2)cc1,NGQPRVWTFNBUHA-UHFFFAOYSA-N
COc1oc(=O)c2cc(N)ccc2c1Cl,AMDGKLWVCUXONP-UHFFFAOYSA-N
c1ccc(CNc2ncnc3nc[nH]c23)cc1,NWBJYWHLCVSVIJ-UHFFFAOYSA-N
CN1C(=O)N[C@H](Cc2c[nH]c3c(Cl)cccc23)C1=O,WIKGAEMMNQTUGL-SNVBAGLBSA-N
COc1ncnc(NS(=O)(=O)c2ccc(N)cc2)c1OC,PJSFRIWCGOHTNF-UHFFFAOYSA-N
CCCCc1nc(Cl)c(C(=O)O)n1Cc1ccc(-c2ccccc2-c2nn[nH]n2)cc1,ZEUXAIYYDDCIRX-UHFFFAOYSA-N
COc1cc(OC)c(OC)cc1C=O,IAJBQAYHSQIQRE-UHFFFAOYSA-N
Fc1ccc(-c2c3cccc(C(F)(F)F)c3nn2Cc2ccc(F)cc2Cl)cc1,KYWWJENKIMRJBI-UHFFFAOYSA-N
CCCCCCCC/C=C\CCCCCCCC(=O)OC(CO)CO,UPWGQKDVAURUGE-KTKRTIGZSA-N
OC[C@@H](O)[C@@H](O[C@@H]1O[C@H](CO)[C@H](O)[C@H](O)[C@H]1O)[C@H](O)[C@@H](O)CO,VQHSOMBJVWLPSR-JVCRWLNRSA-N
C=CC(=O)N1CC[C@@H](Oc2nc(Nc3ccc(N4CCC(N5CCN(C)CC5)CC4)cc3)c(C(N)=O)nc2CC)C1,QKDCLUARMDUUKN-XMMPIXPASA-N
Fc1ccc(-c2[nH]c(-c3c(F)cccc3F)nc2-c2ccncc2)cc1,TWPJJJZCYVFUOA-UHFFFAOYSA-N
O=c1c(O)c(-c2ccc(O)c(O)c2)oc2cc(O)ccc12,XHEFDIBZLJXQHF-UHFFFAOYSA-N
OCc1ccccc1,WVDDGKGOMKODPV-UHFFFAOYSA-N
Cc1c(F)cccc1NC(=O)Nc1ccc(Cl)c(S(=O)(=O)[C@H]2CCCNC2)c1O,NGYNBSHYFOFVLS-LBPRGKRZSA-N
Cc1cccc(C)c1NC(=O)/N=C1/CCCN1C,PAXRPWSXCPTPCA-QINSGFPZSA-N
COc1cccc(OC)c1C(=O)N[C@@H]1C(=O)N2[C@@H]1SC(C)(C)[C@@H]2C(=O)O,RJQXTJLFIWVMTO-TYNCELHUSA-N
O=c1ccc2ccccc2o1,ZYGHJZDHTFUPRJ-UHFFFAOYSA-N
Cc1[nH]c(/C=C2\C(=O)Nc3ccc(S(=O)(=O)N(C)c4cccc(Cl)c4)cc32)c(C)c1C(=O)N1CCN(C)CC1,FPYJSJDOHRDAMT-KQWNVCNZSA-N
OCCn1cc(-c2cnc3nnn(Cc4ccc5ncccc5c4)c3n2)cn1,PDMUGYOXRHVNMO-UHFFFAOYSA-N
COc1c2ccoc2cc2oc(=O)ccc12,BGEBZHIAGXMEMV-UHFFFAOYSA-N
O=C(CSc1nc2c(c(=O)n1-c1ccccc1)SCC2)Nc1ccc(-c2ccccc2)cn1,QESQGTFWEQMCMH-UHFFFAOYSA-N
CCCCOc1ccc(CC/C=C2\SC(=O)N(CCN)C2=O)cc1,MPZXLTZVPUSTFY-SOFYXZRVSA-N
Nc1nc2ccc(OC(F)(F)F)cc2s1,FTALBRSUTCGOEG-UHFFFAOYSA-N
CC(C)c1cnn2c(NCc3ccccc3)cc(NC[C@H]3CCNC[C@@H]3O)nc12,YCVGLKWJKIKVBI-MJGOQNOKSA-N
O=c1[nH]c2ccccc2c(=O)n1CCCN1CCN(c2ccccc2)CC1,WPKPLSFHHBBLRY-UHFFFAOYSA-N
C=CC(=O)Nc1cc(C)ccc1Nc1nc(Nc2cc(OC)ncc2C)ncc1C(F)(F)F,ILUKRINUNLAVMH-UHFFFAOYSA-N
CCCCCCOC(=O)CCC(=O)CN,RYQOILLJDKPETL-UHFFFAOYSA-N
CC(C)C(=O)OC[C@@]1(N=[N+]=[N-])O[C@@H](n2ccc(N)nc2=O)[C@H](OC(=O)C(C)C)[C@@H]1OC(=O)C(C)C,VKXWOLCNTHXCLF-DXEZIKHYSA-N
COc1cc2c(Oc3ccc(NC(=O)C4(C(=O)Nc5ccc(F)cc5)CC4)cc3F)ccnc2cc1OCCCN1CCOCC1,CXQHYVUVSFXTMY-UHFFFAOYSA-N
O=C(O)C(=O)CBr,PRRZDZJYSJLDBS-UHFFFAOYSA-N
CCOCc1nc2c(N)nc3ccccc3c2n1CC(C)(C)O,BXNMTOQRYBFHNZ-UHFFFAOYSA-N
N=C(N)c1ccc(-c2ccc(-c3ccc(C(=N)N)cc3)o2)cc1,ZJHZBDRZEZEDGB-UHFFFAOYSA-N
Fc1ccc(CN2CCC(Nc3ccc(C(F)(F)F)nn3)CC2)cc1F,UVUYWJWYRLJHEN-UHFFFAOYSA-N
Cc1nccc2c1[nH]c1ccccc12,PSFDQSOCUJVVGF-UHFFFAOYSA-N
Fc1ccc(Cn2c(NC3CCNCC3)nc3ccccc32)cc1,SFOVDSLXFUGAIV-UHFFFAOYSA-N
Cc1[nH]c2ccccc2c1C[C@@H](NC(=O)[C@@H](N)Cc1cnc[nH]1)C(=O)N[C@@H](C)C(=O)N[C@@H](Cc1c[nH]c2ccccc12)C(=O)N[C@H](Cc1ccccc1)C(=O)N[C@@H](CCCCN)C(N)=O,RVWNMGKSNGWLOL-GIIHNPQRSA-N
CCCCC[C@H](O)/C=C/[C@@H]1[C@H]2C/C(=C/CCCC(=O)O)O[C@H]2C[C@H]1O,KAQKFAOMNZTLHT-OZUDYXHBSA-N
Cn1c(=O)c2[nH]c(Br)nc2n(C)c1=O,SKTFQHRVFFOHTQ-UHFFFAOYSA-N
CCCCCCN(CCCCCC)C(=O)Cc1c(-c2ccc(F)cc2)[nH]c2ccccc12,VUWXAQFLTSBUDB-UHFFFAOYSA-N
O=S(=O)(O)c1cc(O)ccc1O,IKQCSJBQLWJEPU-UHFFFAOYSA-N
CCc1oc2ccccc2c1C(=O)c1cc(Br)c(O)c(Br)c1,WHQCHUCQKNIQEC-UHFFFAOYSA-N
N[C@@H](COP(=O)(O)O)C(=O)O,BZQFBWGGLXLEPQ-REOHCLBHSA-N
CN/C(=C\[N+](=O)[O-])NCCSCc1csc(CN(C)C)n1,SGXXNSQHWDMGGP-IZZDOVSWSA-N
O=C(NCC1CCCCN1)c1cc(OCC(F)(F)F)ccc1OCC(F)(F)F,DJBNUMBKLMJRSA-UHFFFAOYSA-N
Oc1ccc2ccccc2c1,JWAZRIHNYRIHIV-UHFFFAOYSA-N
COc1cccc2c1c(O)c(C(=O)N(C)c1ccc(C(F)(F)F)cc1)c(=O)n2C,ONDYALNGTUAJDX-UHFFFAOYSA-N
O=c1cc(N2CCOCC2)oc2c(-c3ccccc3)cccc12,CZQHHVNHHHRRDU-UHFFFAOYSA-N
CN1N=C(N)c2cn([C@@H]3O[C@H](COP(=O)(O)O)[C@@H](O)[C@H]3O)c3ncnc1c23,URLYINUFLXOMHP-HTVVRFAVSA-N
COc1cccc2c1c(NS(=O)(=O)c1ccc(Cl)s1)nn2Cc1cccc(CNC(=O)C(C)(C)O)c1,YTEVTHHGQMUPHC-UHFFFAOYSA-N
N#C/C(=C\c1ccc(O)c(O)c1)C(=O)NCc1ccccc1,TUCIOBMMDDOEMM-RIYZIHGNSA-N
CC(=C\c1ccc(Cl)cc1)/C(C)=N/O,MHTJEUOFLVQMCL-NJHPPEEMSA-N
CN(C)CCCOc1ccc(-c2ccc3ncc4c(c3c2)n(C2CCOCC2)c(=O)n4C)cn1,AOTRIQLYUAFVSC-UHFFFAOYSA-N
COc1cc2nccc(Oc3ccc(NC(=O)C4(C(=O)Nc5ccc(F)cc5)CC4)cc3)c2cc1OC,ONIQOQHATWINJY-UHFFFAOYSA-N
N[C@@H](C(=O)O)c1ccc(C(=O)O)c(C(=O)O)c1,IJVMOGKBEVRBPP-SSDOTTSWSA-N
CCOC(=O)c1ccc(C#Cc2ccc3c(c2)C(C)(C)CCS3)nc1,OGQICQVSFDPSEI-UHFFFAOYSA-N
COCC(=O)O[C@]1(CCN(C)CCCc2nc3ccccc3[nH]2)CCc2cc(F)ccc2[C@@H]1C(C)C,HBNPJJILLOYFJU-VMPREFPWSA-N
CC[C@H]1CN2CCc3cc(OC)c(OC)cc3[C@@H]2C[C@@H]1C[C@H]1NCCc2cc(OC)c(OC)cc21,AUVVAXYIELKVAI-CKBKHPSWSA-N
Cc1ccc(/C(=C\CN2CCCC2)c2cccc(/C=C/C(=O)O)n2)cc1,PWACSDKDOHSSQD-IUTFFREVSA-N
CCCn1c(=O)[nH]c(=O)c2[nH]cnc21,SIQPXVQCUCHWDI-UHFFFAOYSA-N
Cn1c(N2CCCCS2(=O)=O)nc(C(=O)NCc2ccc(F)cc2)c(O)c1=O,VNIWZCGZPBJWBI-UHFFFAOYSA-N
CC(C)[C@@]1(NC(=O)[C@@H]2C[C@@H]3c4cccc5[nH]cc(c45)C[C@H]3N(C)C2)O[C@@]2(O)[C@@H]3CCCN3C(=O)[C@H](Cc3ccccc3)N2C1=O,DEQITUUQPICUMR-HJPBWRTMSA-N
CCCCc1cc2ccccc2c(OCCN(C)C)n1,XNMYNYSCEJBRPZ-UHFFFAOYSA-N
CNC(=O)Nc1ccc2c(c1)CC[C@@]21OC(=O)N(CC(=O)N(Cc2ccc(F)cc2)[C@@H](C)C(F)(F)F)C1=O,VRVJKILQRBSEAG-LFPIHBKWSA-N
CCCN1C[C@H](C)[C@@H](O)[C@](C)(O)[C@@H](CC)OC(=O)[C@H](C)[C@@H](O[C@H]2C[C@@](C)(OC)[C@@H](O)[C@H](C)O2)[C@H](C)[C@@H](O[C@@H]2O[C@H](C)C[C@H](N(C)C)[C@H]2O)[C@](C)(O)C[C@H]1C,VWAMTBXLZPEDQO-UZSBJOJWSA-N
COC(=O)c1cnn(-c2ccc(F)cc2F)c1/C=N/NC(=S)NC(C)(C)C,CYNLZIBKERMMOA-AWQFTUOYSA-N
CC[C@@H]1C(=O)N(C)c2cnc(Nc3ccc(C(=O)N[C@H]4CC[C@H](N5CCN(CC6CC6)CC5)CC4)cc3OC)nc2N1C(C)C,SXNJFOWDRLKDSF-STROYTFGSA-N
Cc1ccc2c(c1)c1c(n2CCc2ccc(C)nc2)CCN(C)C1,JNODQFNWMXFMEV-UHFFFAOYSA-N
O=C(O)c1ccc2nc(-c3cc(Cl)cc(Cl)c3)oc2c1,TXEIIPDJKFWEEC-UHFFFAOYSA-N
O=C(Nc1cnc(Cl)nc1)c1ccc(F)c(F)c1,IIBSHMFXVWTQSJ-UHFFFAOYSA-N
Cc1cc(=O)oc2c(C=O)c(O)ccc12,RTHHSXOVIJWFQP-UHFFFAOYSA-N
CCC(=O)NS(=O)(=O)c1ccc(-c2c(-c3ccccc3)noc2C)cc1,TZRHLKRLEZJVIJ-UHFFFAOYSA-N
COc1ccc(-c2nc(-c3ccc(-c4cccc(Cl)c4)o3)[nH]c2-c2ccc(OC)cc2)cc1,FEEOFPAEDSMOTO-UHFFFAOYSA-N
Cn1c(=O)c2c(ncn2CCO)n(C)c1=O,NWPRCRWQMGIBOT-UHFFFAOYSA-N
C=CC(=O)N1C[C@H](Nc2ncnc3[nH]ccc23)CC[C@@H]1C,CBRJPFGIXUFMTM-WDEREUQCSA-N
N#C[C@@H]1C[C@@H]2C[C@@H]2N1C(=O)[C@@H](N)[C@@]12C[C@@H]3C[C@@H](C[C@@](O)(C3)C1)C2,QGJUIPDUBHWZPV-YQBUGCKMSA-N
CCn1c(=O)c(-c2cc(NC(=O)Nc3ccccc3)c(F)cc2Br)cc2cnc(NC)cc21,CEFJVGZHQAGLHS-UHFFFAOYSA-N
O=C(CCNNC(=O)c1ccncc1)NCc1ccccc1,NOIIUHRQUVNIDD-UHFFFAOYSA-N
N=C(Nc1ccccc1)c1cccs1,RCORNHOUCUDCAC-UHFFFAOYSA-N
NC[C@@H]1O[C@H](C23CC4CC(CC(C4)C2)C3)Cc2c1ccc(O)c2O,QLJOSZATCBCBDR-DFKUFRTHSA-N
COc1cc(S(C)(=O)=O)ccc1Nc1nc2ccc(-c3ccc(NC(=O)[C@H](C)c4ccc(F)cc4)cc3)cn2n1,NRJKIOCCERLIDG-GOSISDBHSA-N
CC(C)c1cc(C(C)C)c(CC(=O)NS(=O)(=O)Oc2c(C(C)C)cccc2C(C)C)c(C(C)C)c1,PTQXTEKSNBVPQJ-UHFFFAOYSA-N
C=C1C[C@@]2(O)O[C@@]3(C[C@H]2C(C)C)[C@@H](C)CC[C@@H]13,QRMPRVXWPCLVNI-YYFQZIEXSA-N
N=C(N)NCCC[C@H](N)C(=O)NCC(=O)N[C@@H](CC(=O)O)C(=O)N[C@@H](CO)C(=O)O,NNRFRJQMBSBXGO-CIUDSAMLSA-N
N#Cc1cccc(-c2c[nH]c3ncnc(N4CCOCC4)c23)c1,BHTWDJBVZQBRKP-UHFFFAOYSA-N
O=c1cc(N2CCOCC2)oc2c1ccc1ccccc12,KKTZALUTXUZPSN-UHFFFAOYSA-N
NC(=O)OCCCc1ccccc1,CAMYKONBWHRPDD-UHFFFAOYSA-N
CC(C)[C@@]1(NC(=O)[C@@H]2C[C@@H]3c4cccc5[nH]cc(c45)C[C@H]3N(C)C2)O[C@@]2(O)[C@@H]3CCCN3C(=O)[C@H](Cc3ccccc3)N2C1=O,DEQITUUQPICUMR-HJPBWRTMSA-N
CCCOC(=O)c1ccccc1,UDEWPOVQBGFNGE-UHFFFAOYSA-N
O=C(O)COc1cccc(CN(Cc2ccc(-n3cccn3)cc2)S(=O)(=O)c2cccnc2)c1,MFFBXYNKZHTCEY-UHFFFAOYSA-N
Cc1ccn(-c2cc(Cl)ccc2[C@@H](Oc2cc(-c3ccc(C[C@H](N)C(=O)O)cc3)nc(N)n2)C(F)(F)F)n1,NCLGDOBQAWBXRA-PGRDOPGGSA-N
CCNCCCNCCCCNCCCNCC,PGMIWVSHZMWSSI-UHFFFAOYSA-N
O=C1c2c(O)c(=O)ccn2N([C@@H]2c3ccccc3SCc3c2ccc(F)c3F)[C@@H]2COCCN12,FIDLLEYNNRGVFR-CTNGQTDRSA-N
O=C(Nc1cccc(Br)c1)c1cccc(S(=O)(=O)N2CCCCCC2)c1,IYAYHZZWYNXHEQ-UHFFFAOYSA-N
Nc1ccn(C[C@@H](CO)OCP(=O)(O)O)c(=O)n1,VWFCHDSQECPREK-LURJTMIESA-N
NCCNCCNCCN,VILCJCGEZXAXTO-UHFFFAOYSA-N
N=c1ccn2c(n1)O[C@H]1[C@H](O)[C@@H](CO)O[C@H]12,BBDAGFIXKZCXAH-CCXZUQQUSA-N
O=C1c2c(O)cc(O)cc2O[C@H](c2cc(O)c(O)c(O)c2)[C@H]1O,KJXSIXMJHKAJOD-LSDHHAIUSA-N
CC(C)/N=c1\cc2n(-c3ccc(Cl)cc3)c3ccccc3nc-2cc1Nc1ccc(Cl)cc1,WDQPAMHFFCXSNU-BGABXYSRSA-N
C=CC(=O)N1CC[C@@H](Oc2nc(Nc3ccc(N4CCC(N5CCN(C)CC5)CC4)cc3)c(C(N)=O)nc2CC)C1,QKDCLUARMDUUKN-XMMPIXPASA-N
O[C@H]1[C@H](O)[C@@H](O)CN2CC[C@H](O)[C@H]12,JDVVGAQPNNXQDW-TVNFTVLESA-N
CCCCc1nn(-c2ccccc2C(F)(F)F)c(=O)n1Cc1ccc(-c2ccccc2S(=O)(=O)NC(=O)c2sccc2C)cc1,MMDNKTXNUZFVKD-UHFFFAOYSA-N
CC(C)c1cnn2c(NCc3ccccc3)cc(NC[C@H]3CCNC[C@@H]3O)nc12,YCVGLKWJKIKVBI-MJGOQNOKSA-N
CN1C(=O)[C@@H](NC(=O)c2nc(Cc3ccccc3)n[nH]2)COc2ccccc21,LYPAFUINURXJSG-AWEZNQCLSA-N
NC(=NC(=O)c1nc(Cl)c(N)nc1N)NCc1ccccc1,KXDROGADUISDGY-UHFFFAOYSA-N
O=C(/C=C/N1C[C@H]2C[C@@H]1CN2c1ccccn1)c1ccccc1O,INAICWLVUAKEPB-QSTFCLMHSA-N
COc1cc(N2CCC(N3CCN(C)CC3)CC2)ccc1Nc1ncc(Cl)c(Nc2ccccc2S(=O)(=O)C(C)C)n1,QQWUGDVOUVUTOY-UHFFFAOYSA-N
Fc1ccc(Cl)cc1-c1nc(Nc2ccncc2)c2nccnc2n1,BERLXWPRSBJFHO-UHFFFAOYSA-N
O=C(O[C@H]1C[N@]2CC[C@@H]1CC2)N1CCc2ccccc2[C@@H]1c1ccccc1,FBOUYBDGKBSUES-VXKWHMMOSA-N
CCn1cc(C(=O)O)c(=O)c2cc(F)c(N3CCNCC3)nc21,IDYZIJYBMGIQMJ-UHFFFAOYSA-N
Cn1c(=O)c(Oc2ccc(F)cc2F)cc2cnc(NC3CCOCC3)nc21,KKKRKRMVJRHDMG-UHFFFAOYSA-N
COC(=O)[C@@H]1C[C@H](OC(C)=O)C(=O)[C@H]2[C@@]1(C)CC[C@H]1C(=O)O[C@H](c3ccoc3)C[C@]21C,OBSYBRPAKCASQB-AGQYDFLVSA-N
C[C@@H]1c2nnn(-c3ncc(F)cn3)c2CCN1C(=O)c1cccc(C(F)(F)F)c1Cl,CWFVVQFVGMFTBD-SECBINFHSA-N
O=c1cc(N2CCNCC2)oc2c(-c3ccccc3)cccc12,NGAGMBNBKCDCDJ-UHFFFAOYSA-N
COc1c(C)cnc(Cn2cnc3c(Cl)nc(N)nc32)c1C,QULDDKSCVCJTPV-UHFFFAOYSA-N
O=C/C=C/c1ccccc1,KJPRLNWUNMBNBZ-QPJJXVBHSA-N
CNC(=O)Oc1ccccc1OC(C)C,ISRUGXGCCGIOQO-UHFFFAOYSA-N
CCCOc1ccccc1-c1nc2n[nH]nc2c(=O)[nH]1,REZGGXNDEMKIQB-UHFFFAOYSA-N
Nc1ncnc2c1c(-c1ccc(Oc3ccccc3)cc1)nn2C1CCCC1,GMJUPMONHWAZCP-UHFFFAOYSA-N
Cc1nc[nH]c1CCN,UGYXPZQILZRKJJ-UHFFFAOYSA-N
C[C@@H]1CN(Cc2ncccn2)C[C@H]1c1nc2c(cnn2C2CCOCC2)c(=O)[nH]1,IWXUVYOOUMLUTQ-CZUORRHYSA-N
Cc1ccc(S(=O)(=O)NCc2ccccc2)cc1,WTHKAJZQYNKTCJ-UHFFFAOYSA-N
NC(=O)CN1CCCC1=O,GMZVRMREEHBGGF-UHFFFAOYSA-N
Cc1cc(C(=O)Nc2cccc(C(=O)Nc3cccc(C(F)(F)F)c3)c2)on1,XVOKFRPKSAWELK-UHFFFAOYSA-N
Cc1onc(-c2ccc(F)cc2)c1COc1ccc(C(=O)N2CCS(=O)(=O)CC2)cn1,VCGRFBXVSFAGGA-UHFFFAOYSA-N
O=C(c1ccc(F)cc1)C1CCN(CCCCc2ccccc2)CC1,FTJXZACAQRDRNT-UHFFFAOYSA-N
CC[N+](C)(CC)CC(=O)Nc1c(C)cccc1C,HFRFLLYLVAKRMZ-UHFFFAOYSA-O
Cc1cc(C)c(Nc2ccnc(Nc3ccc(C#N)cc3)n2)c(C)c1,ILAYIAGXTHKHNT-UHFFFAOYSA-N
CCCCc1nc(Cl)c(CO)n1Cc1ccc(-c2ccccc2-c2nn[nH]n2)cc1,PSIFNNKUMBGKDQ-UHFFFAOYSA-N
CS(=O)(=O)N1CCc2c(-c3cnc(N)nc3)nc(N3CCOCC3)nc21,JEGHXKRHKHPBJD-UHFFFAOYSA-N
CNC(=O)c1ccc(-c2cnc3ncc(Cc4ccc5ncccc5c4)n3n2)cc1F,LIOLIMKSCNQPLV-UHFFFAOYSA-N
O=C(Nc1ccc(CN2CCOCC2)cc1)c1ccc(-c2cccc(Cl)c2)o1,XQJWTJLJEYIUDZ-UHFFFAOYSA-N
OCc1ccc(-c2ccc(-c3ccc(CO)s3)o2)s1,KZENBFUSKMWCJF-UHFFFAOYSA-N
C#Cc1cnc2[nH]c(=O)n(C(CC)CC)c2n1,RSQGZEAXODVTOL-UHFFFAOYSA-N
CS(=O)(=O)CCCn1c(Cn2c(=O)n(CC(F)(F)F)c3ccncc32)cc2cc(Cl)ccc21,GTQTUABHRCWVLL-UHFFFAOYSA-N
Cn1cncc1[C@@](N)(c1ccc(Cl)cc1)c1ccc2c(c1)c(-c1cccc(Cl)c1)cc(=O)n2C,PLHJCIYEEKOWNM-HHHXNRCGSA-N
O=C(Nc1cnc(Cl)nc1)c1ccc(F)c(F)c1,IIBSHMFXVWTQSJ-UHFFFAOYSA-N
CC[N+](C)(C)c1cccc(O)c1,VWLHWLSRQJQWRG-UHFFFAOYSA-O
COc1cccc([C@H](O)C2CCN(CCc3ccc(F)cc3)CC2)c1OC,HXTGXYRHXAGCFP-OAQYLSRUSA-N
CCCCCCCC/C=C\CCCCCCCC(=O)OC(CO)CO,UPWGQKDVAURUGE-KTKRTIGZSA-N
COc1cccc2c1c(O)c(C(=O)N(C)c1ccc(C(F)(F)F)cc1)c(=O)n2C,ONDYALNGTUAJDX-UHFFFAOYSA-N
C[C@]1(COc2ccc(N3CCC(Oc4ccc(OC(F)(F)F)cc4)CC3)cc2)Cn2cc([N+](=O)[O-])nc2O1,XDAOLTSRNUSPPH-XMMPIXPASA-N
Cc1cncc(CN2CCC(=C3c4ccc(Cl)cc4CCc4cccnc43)CC2)c1,WUZYKBABMWJHDL-UHFFFAOYSA-N
O=[N+]([O-])c1cn2c(n1)OC[C@@H](OCc1ccc(OC(F)(F)F)cc1)C2,ZLHZLMOSPGACSZ-NSHDSACASA-N
CC/C(=C(\c1ccc(O)cc1)c1ccc(OCCN(C)C)cc1)c1ccccc1,TXUZVZSFRXZGTL-QPLCGJKRSA-N
O=C1/C(=C/c2cccs2)CCC/C1=C\c1cccs1,KHXBULXCCPIELT-DCIPZJNNSA-N
N#Cc1cnc(Nc2cc(NC[C@H]3CNCCO3)c(C(F)(F)F)cn2)cn1,YBYYWUUUGCNAHQ-LLVKDONJSA-N
CN(C)CCNc1nc2cc(O)ccc2c2c1C(=O)c1ccccc1-2,ROWSTIYZUWEOMM-UHFFFAOYSA-N
CCOc1cc(N2CCC(O)CC2)ccc1Nc1ncc2c(n1)N(C)c1ccccc1C(=O)N2C,QAPAJIZPZGWAND-UHFFFAOYSA-N
CC[C@H]1[C@@H](O)[C@@H]2[C@H](CC[C@]3(C)[C@@H]([C@H](C)CCC(=O)O)CC[C@@H]23)[C@@]2(C)CC[C@@H](O)C[C@@H]12,ZXERDUOLZKYMJM-ZWECCWDJSA-N
COc1ccc(-c2cc(=O)c3c(O)cc(O[C@@H]4O[C@H](CO[C@@H]5O[C@@H](C)[C@H](O)[C@@H](O)[C@H]5O)[C@@H](O)[C@H](O)[C@H]4O)cc3o2)cc1O,GZSOSUNBTXMUFQ-YFAPSIMESA-N
C[C@](N)(Cc1ccc(O)cc1)C(=O)O,NHTGHBARYWONDQ-JTQLQIEISA-N
COc1cc(N)c(Cl)cc1C(=O)NC1CCN(Cc2ccccc2)CC1,BVPWJMCABCPUQY-UHFFFAOYSA-N
CC(=O)N=c1sc(S(N)(=O)=O)nn1C,FLOSMHQXBMRNHR-UHFFFAOYSA-N
Fc1ccc(CNc2ncnc3ccc(F)cc23)cc1,AWIVHRPYFSSVOG-UHFFFAOYSA-N
CS(=O)(=O)c1ccc(-c2nnc(/C=C/c3nnc(-c4ccc(C#N)cc4)o3)n2-c2ccccc2Cl)nc1,HIWVLHPKZNBSBE-OUKQBFOZSA-N
Cc1c(CC(=O)O)c2cccnc2n1Cc1ccc(S(C)(=O)=O)cc1C(F)(F)F,GFPPXZDRVCSVNR-UHFFFAOYSA-N
CS(=O)(=O)F,KNWQLFOXPQZGPX-UHFFFAOYSA-N
Cc1cccc(-c2nn3c(c2-c2ccnc4ccc(C(N)=O)cc24)CCC3)n1,IVRXNBXKWIJUQB-UHFFFAOYSA-N
C=CC(=O)Nc1cc(Nc2nccc(-c3c[nH]c4ccccc34)n2)c(OC)cc1N(C)CCN(C)C,IQNVEOMHJHBNHC-UHFFFAOYSA-N
O=C(O)[C@@H]1CCCN1,ONIBWKKTOPOVIA-BYPYZUCNSA-N
O=C(O)c1c[nH]c2cc(Cl)c(-c3ccc(C4(O)CCC4)cc3)cc12,FHQXLWCFSUSXBF-UHFFFAOYSA-N
COc1cc2c(NC3CCN(C)CC3)nc(N3CCCN(C)CC3)nc2cc1OCCCN(C)C,XIVUGRBSBIXXJE-UHFFFAOYSA-N
Nc1c2c(nc3c1CCC3)CCCC2,YLUSMKAJIQOXPV-UHFFFAOYSA-N
C[N+](C)(C)C[C@H](O)CC(=O)O,PHIQHXFUZVPYII-ZCFIWIBFSA-O
CCOc1c2c(c(OCC)c3ccccc13)C(=O)N(c1ccc(CC(=O)NS(=O)(=O)c3ccccc3)cc1)C2,XREWXJVMYAXCJV-UHFFFAOYSA-N
CCOC(=O)c1c(C)n(C)c2ccc(O)cc12,YTBNTDMBGXAOCG-UHFFFAOYSA-N
O=C(O)c1ccccc1C(=O)Nc1ccc(-c2ccccc2)cc1,SLUINPGXGFUMLL-UHFFFAOYSA-N
C=C(CC)C(=O)c1ccc(OCC(=O)O)c(Cl)c1Cl,AVOLMBLBETYQHX-UHFFFAOYSA-N
CC(C)(S)[C@@H](N)C(=O)O,VVNCNSJFMMFHPL-VKHMYHEASA-N
Nc1ccn([C@@H]2O[C@H](CO)[C@@H](O)[C@H]2O)c(=O)n1,UHDGCWIWMRVCDJ-XVFCMESISA-N
COCCO[C@@H]1c2ccn3c(C)c(C)nc3c2N[C@H](c2ccccc2)[C@H]1O,PWILYDZRJORZDR-MISYRCLQSA-N
C[C@H]1NC(=O)NC1=O,VMAQYKGITHDWKL-UWTATZPHSA-N
COc1ccc(C(=O)c2ccc(C)cc2)c(O)c1,MJVGBKJNTFCUJM-UHFFFAOYSA-N
O=C[C@H](O)[C@@H](O)[C@H](O)[C@H](O)COP(=O)(O)O,VFRROHXSMXFLSN-SLPGGIOYSA-N
Nc1ccc(S(=O)(=O)c2ccc(N)cc2)cc1,MQJKPEGWNLWLTK-UHFFFAOYSA-N
NS(=O)(=O)c1ccc(-n2nc(C(F)(F)F)cc2-c2ccc(Cl)cc2)cc1,NSQNZEUFHPTJME-UHFFFAOYSA-N
COc1ccc(-c2nc(C(=O)N3CCN(C)CC3)sc2-c2ccc(OC)cc2)cc1,UBHKJRYGKOSQDJ-UHFFFAOYSA-N
Cc1[nH]c2ccccc2c1C[C@@H](NC(=O)[C@@H](N)Cc1cnc[nH]1)C(=O)N[C@@H](C)C(=O)N[C@@H](Cc1c[nH]c2ccccc12)C(=O)N[C@H](Cc1ccccc1)C(=O)N[C@@H](CCCCN)C(N)=O,RVWNMGKSNGWLOL-GIIHNPQRSA-N
CC[N+](C)(C)c1cccc(O)c1,VWLHWLSRQJQWRG-UHFFFAOYSA-O
O=C(CO)N1CCC(c2[nH]nc(-c3ccc(Cl)cc3)c2-c2ccncn2)CC1,CATQHDWESBRRQA-UHFFFAOYSA-N
Oc1ccc2c3c1O[C@H]1c4oc5ccccc5c4C[C@@]4(O)[C@@H](C2)N(CC2CC2)CC[C@]314,ZHVWWEYETMPAMX-IFKAHUTRSA-N
CNc1nc(NCc2ccc(NS(C)(=O)=O)cc2Cl)cc(-c2ccccn2)n1,DRSZMILOMUPIBJ-UHFFFAOYSA-N
CC(=N)NCc1cccc(CN)c1,RODUKNYOEVZQPR-UHFFFAOYSA-N
OC[C@@H](O)[C@@H](O[C@@H]1O[C@H](CO)[C@H](O)[C@H](O)[C@H]1O)[C@H](O)[C@@H](O)CO,VQHSOMBJVWLPSR-JVCRWLNRSA-N
COc1c2ccoc2cc2oc(=O)ccc12,BGEBZHIAGXMEMV-UHFFFAOYSA-N
O=S(=O)(O)CCS,ZNEWHQLOPFWXOF-UHFFFAOYSA-N
CCCCNC(=O)NS(=O)(=O)c1ccc(C)cc1,JLRGJRBPOGGCBT-UHFFFAOYSA-N
CS(=O)(=O)CS(=O)(=O)OCCCl,SEHSPJCWCBQHPF-UHFFFAOYSA-N
Cc1cc(-c2ccc3c(c2)CC[C@H]3N2CC3(CCN(C(=O)Cc4cn5cc(C)sc5n4)CC3)C2)ncn1,ZIUDADZJCKGWKR-AREMUKBSSA-N
CN[C@@H](C)C(=O)N[C@H](C(=O)N1CCC[C@H]1C(=O)N[C@H]1c2ccccc2C[C@H]1OCC#CC#CCO[C@@H]1Cc2ccccc2[C@@H]1NC(=O)[C@@H]1CCCN1C(=O)[C@@H](NC(=O)[C@H](C)NC)C1CCCCC1)C1CCCCC1,WLMCRYCCYXHPQF-ZVMUOSSASA-N
CS(=O)(=O)Nc1cc2occ(NC=O)c(=O)c2cc1Oc1ccccc1,ANMATWQYLIFGOK-UHFFFAOYSA-N
Cn1cnc(-c2cc3nccc(Oc4ccc(NC(=S)NC(=O)Cc5ccccc5)cc4F)c3s2)c1,UFICVEHDQUKCEA-UHFFFAOYSA-N
FC(F)(F)C(F)(F)C(F)(F)C(F)(F)C(F)(F)C(F)(F)C(F)(F)C(F)(F)Br,WTWWXOGTJWMJHI-UHFFFAOYSA-N
CC(C)OC(=O)C(C)(C)Oc1ccc(C(=O)c2ccc(Cl)cc2)cc1,YMTINGFKWWXKFG-UHFFFAOYSA-N
C[N@+]12CCCC[C@@H]1CCC(=C(c1cccs1)c1cccs1)C2,ZGSDGGRVFIYKKE-OXQOHEQNSA-N
CN(C)CCS,DENMGZODXQRYAR-UHFFFAOYSA-N
O=C(NC1CCNCC1)c1[nH]ncc1NC(=O)c1c(Cl)cccc1Cl,OVPNQJVDAFNBDN-UHFFFAOYSA-N
NCCCC[C@H](NC(=O)[C@@H]1CCCN1C(=O)[C@@H]1CSSC[C@H](N)C(=O)N[C@@H](Cc2ccc(O)cc2)C(=O)N[C@@H](Cc2ccccc2)C(=O)N[C@@H](CCC(N)=O)C(=O)N[C@@H](CC(N)=O)C(=O)N1)C(=O)NCC(N)=O,BJFIDCADFRDPIO-DZCXQCEKSA-N
c1ccc(-c2ccc(CNc3nc(-c4ccccn4)nnc3-c3ccccc3)cc2)cc1,QNRODODTMXCRKU-UHFFFAOYSA-N
CN(C)CCn1cc(C(=O)N2CCC3(CC2)OCc2ccccc23)c2ccc(Cl)cc21,QZXVLRCMAHJVIP-UHFFFAOYSA-N
CC[C@H]1[C@@H](O)[C@@H]2[C@H](CC[C@]3(C)[C@@H]([C@H](C)CCC(=O)O)CC[C@@H]23)[C@@]2(C)CC[C@@H](O)C[C@@H]12,ZXERDUOLZKYMJM-ZWECCWDJSA-N
Cc1nc2cc(F)c(F)cc2n1-c1cncc(Nc2ccc(C(F)(F)F)cc2)n1,JEZGPBWIZWPDHP-UHFFFAOYSA-N
C=Cc1cc(O)cc2nc(-c3ccc(O)c(F)c3)oc12,MQIMZDXIAHJKQP-UHFFFAOYSA-N
CC(=O)c1ccc2c(c1)c1cc(C(C)=O)ccc1n2CCNC(C)C,JKCSODVERGVDLT-UHFFFAOYSA-N
CC(C)n1cnc2c(C(=O)N[C@H]3C[N@]4CC[C@@H]3CC4)cc(Cl)cc21,OGXMGJGFLBSEJW-HNNXBMFYSA-N
CC(=O)N[C@@H](CCCNC(=N)N)C(=O)N[C@H]1CSSC[C@@H](C(N)=O)NC(=O)[C@H](Cc2c[nH]c3ccccc23)NC(=O)[C@H](CCCNC(=N)N)NC(=O)[C@@H](Cc2ccccc2)NC(=O)[C@H](Cc2cnc[nH]2)NC(=O)[C@@H](C)NC1=O,HDHDTKMUACZDAA-PHNIDTBTSA-N
O=C(NO)c1ccc(O)c(O)c1,QJMCKEPOKRERLN-UHFFFAOYSA-N
Cc1ccc(S(=O)(=O)Nc2nc3ccccc3nc2Nc2ccc3nsnc3c2)cc1,MQMKRQLTIWPEDM-UHFFFAOYSA-N
COc1cc(N2CCC(N3CCN(C)CC3)CC2)ccc1Nc1ncc(Cl)c(Nc2ccccc2S(=O)(=O)C(C)C)n1,QQWUGDVOUVUTOY-UHFFFAOYSA-N
Oc1c(I)cc(I)cc1I,VAPDZNUFNKUROY-UHFFFAOYSA-N
O=C1NC(=O)c2cc(Nc3ccccc3)c(Nc3ccccc3)cc21,AAALVYBICLMAMA-UHFFFAOYSA-N
COC(=O)Nc1nc2ccc(Sc3ccccc3)cc2[nH]1,HDDSHPAODJUKPD-UHFFFAOYSA-N
CC/C(=C(/CC)c1ccc(O)cc1)c1ccc(O)cc1,RGLYKWWBQGJZGM-ISLYRVAYSA-N
C[C@H](C[C@@H](Cc1ccc(-c2ccccc2)cc1)NC(=O)CCC(=O)O)C(=O)O,DOBNVUFHFMVMDB-BEFAXECRSA-N
N[C@@]1(C(=O)O)CS(=O)(=O)[C@H]2[C@H](C(=O)O)[C@H]21,AVDUGNCTZRCAHH-MDASVERJSA-N
Cc1nc2ccc(NC(=O)Nc3ccnc4cccnc34)cc2o1,AKMNUCBQGHFICM-UHFFFAOYSA-N
CCCCCCOc1cc(C)c(O)c(C)c1C,ATMNQRRJNBCQJO-UHFFFAOYSA-N
CCCCCCCCCC(=O)OCCN1CCN(CCCN2c3ccccc3Sc3ccc(C(F)(F)F)cc32)CC1,VIQCGTZFEYDQMR-UHFFFAOYSA-N
Cc1cc(Cl)ccc1OCCCC(=O)NO,JHSXDAWGLCZYSM-UHFFFAOYSA-N
CCN(CC)CCOc1ccc(Cc2ccccc2)cc1,NFIXBCVWIPOYCD-UHFFFAOYSA-N
Clc1cc(Cl)c(OCC#CI)cc1Cl,CTETYYAZBPJBHE-UHFFFAOYSA-N
Cc1cc(C(C)(C)C)c(O)c(C(C)(C)C)c1,NLZUEZXRPGMBCV-UHFFFAOYSA-N
OC[C@H]1O[C@H](O[C@H]2O[C@H](CO)[C@@H](O)[C@H](O)[C@H]2O)[C@H](O)[C@@H](O)[C@@H]1O,HDTRYLNUVZCQOY-LIZSDCNHSA-N
C[C@@]12C(=O)OC(=O)[C@]1(C)[C@H]1CC[C@@H]2O1,DHZBEENLJMYSHQ-XCVPVQRUSA-N
C=C(O)C(=O)O,FEWFXBUNENSNBQ-UHFFFAOYSA-N
CCCCN1CCC(CCC(=O)c2cc(Cl)c(N)cc2OC)CC1,JBHLYIVFFLNISJ-UHFFFAOYSA-N
O=c1[nH]c(=O)n(Cl)c(=O)n1Cl,CEJLBZWIKQJOAT-UHFFFAOYSA-N
O=C(O)CNC(=O)c1ccccc1I,CORFWQGVBFFZHF-UHFFFAOYSA-N
CC(=O)NCCc1c[nH]c2ccccc12,NVUGEQAEQJTCIX-UHFFFAOYSA-N
NCCCC[C@H](N[C@@H](CCc1ccccc1)C(=O)O)C(=O)N1CCC[C@H]1C(=O)O,RLAWWYSOJDYHDC-BZSNNMDCSA-N
CCOC(=O)[C@H](CCc1ccccc1)N[C@@H](C)C(=O)N1[C@H](C(=O)O)C[C@@H]2CCC[C@@H]21,HDACQVRGBOVJII-JBDAPHQKSA-N
Cc1cc(Oc2c(C3CC3)nn(CS(C)(=O)=O)c2C)cc(C)c1C#N,QSFGZNVRVZHUGV-UHFFFAOYSA-N
COc1ccccc1C(=O)Nc1cccc(NC(=O)c2cccc(C)c2)c1,UTAJHKSGYJSZBR-UHFFFAOYSA-N
O=C(CCCCCCC(=O)Nc1cccnc1)NO,PTJGLFIIZFVFJV-UHFFFAOYSA-N
C=CC(=O)Nc1cccc(Sc2nc(Nc3ccc(N4CCN(C)CC4)cc3)ncc2Cl)c1,KIISCIGBPUVZBF-UHFFFAOYSA-N
CN/C(=C\[N+](=O)[O-])NCCSCc1csc(CN(C)C)n1,SGXXNSQHWDMGGP-IZZDOVSWSA-N
N=C(N)c1ccc(/N=N/Nc2ccc(C(=N)N)cc2)cc1,XNYZHCFCZNMTFY-UHFFFAOYSA-N
CN1CCC[C@@H]1CCO[C@](C)(c1ccccc1)c1ccc(Cl)cc1,YNNUSGIPVFPVBX-NHCUHLMSSA-N
COc1cc(N)cn[n+]1-c1ccccc1,VXROHTDSRBRJLN-UHFFFAOYSA-O
O=C(O)c1ccnc(N2CC(O)(c3ccc(OCc4c(-c5c(Cl)cccc5Cl)noc4C4CC4)cc3Cl)C2)c1,KZSKGLFYQAYZCO-UHFFFAOYSA-N
Cc1nccn1Cc1ccccn1,CTUICISGLKIJLG-UHFFFAOYSA-N
N#Cc1cccc(C(=O)Nc2cc(-c3ccccc3)nn2-c2ccccc2)c1,BKUIZWILNWHFHD-UHFFFAOYSA-N
C[n+]1cc2c3c(ccc2c2ccc4cc5c(cc4c21)OCO5)OCO3,INVGWHRKADIJHF-UHFFFAOYSA-N
Cc1ccc(C(=O)Nc2ccc(Oc3cc4cnn(C)c4cc3-c3cn[nH]c3)c(F)c2)c(=O)n1-c1ccc(F)cc1,QHADVLVFMKEIIP-UHFFFAOYSA-N
O=C(c1c(O)c2ccc(Cl)cc2[nH]c1=O)C1CC1,MXEFWCFPCLDOOG-UHFFFAOYSA-N
N#[N+]CC(=O)OC[C@H](N)C(=O)O,YXEASJLRXGZRHS-VKHMYHEASA-O
CCN(c1nc(N)c(C(=O)N=C(N)N)nc1Cl)C(C)C,QDERNBXNXJCIQK-UHFFFAOYSA-N
COc1cc(N)cn[n+]1-c1ccccc1,VXROHTDSRBRJLN-UHFFFAOYSA-O
CCOc1cc(=O)[nH]cc1-c1ccc(CC(=O)Nc2cc(C(C)(C)C(F)(F)F)on2)c(F)c1,IDXKJSSOUXWLDB-UHFFFAOYSA-N
CC(=O)N[C@@H](CCC(N)=O)C(=O)O,KSMRODHGGIIXDV-YFKPBYRVSA-N
O=C(CC12CC3CC(CC(C3)C1)C2)Nc1cccc2nc(NCCNCCO)ccc12,FQMZXMVHHKXGTM-UHFFFAOYSA-N
O=C(/C=C/c1ccc(O)c(O)c1)O[C@@H]1C[C@](OC(=O)/C=C/c2ccc(O)c(O)c2)(C(=O)O)C[C@@H](O)[C@H]1O,YDDUMTOHNYZQPO-PSEXTPKNSA-N
O=S(=O)(O)c1ccc2nc(-c3ccccc3)[nH]c2c1,UVCJGUGAGLDPAA-UHFFFAOYSA-N
CC(C)(C)NC[C@H](O)COc1nsnc1N1CCOCC1,BLJRIMJGRPQVNF-JTQLQIEISA-N
C=CCN1C[C@H](C)N([C@H](c2ccc(C(=O)N(CC)CC)cc2)c2cccc(OC)c2)C[C@H]1C,KQWVAUSXZDRQPZ-UMTXDNHDSA-N
Nc1nc(=O)n([C@@H]2CS[C@H](CO)O2)cc1F,XQSPYNMVSIKCOC-NTSWFWBYSA-N
Cc1coc2c1C(=O)C(=O)c1c-2ccc2c(C)cccc12,AIGAZQPHXLWMOJ-UHFFFAOYSA-N
CCN(CC)c1cc(C)nc2ncnn12,GSNOZLZNQMLSKJ-UHFFFAOYSA-N
COC(=O)C1=C(C)NC(C)=C(C(=O)O[C@@H]2CCCN(Cc3ccccc3)C2)[C@@H]1c1cccc([N+](=O)[O-])c1,QZVNQOLPLYWLHQ-ZEQKJWHPSA-N
COCc1nnc(N2CC(Oc3ccc(F)cc3Cl)C2)n1-c1ccc(OC)nc1,HNIFCPBQMKPRCX-UHFFFAOYSA-N
CCN(CC)CCOCCOC(=O)C1(c2ccccc2)CCCC1,CFJMRBQWBDQYMK-UHFFFAOYSA-N
O=C(N[C@H]1CCN(C(=O)c2cc(C(F)(F)F)cc(C(F)(F)F)c2)[C@H](Cc2ccc(Cl)cc2)C1)c1ccnc2ccccc12,NXLUTEDAEFXMQR-BJKOFHAPSA-N
CC(=O)N1CCC(NC(=O)c2ccc(F)cc2)CC1,VBHVOHJOTMCSBQ-UHFFFAOYSA-N
O=C(O)c1c[nH]c2cc(Cl)c(-c3ccc(C4(O)CCC4)cc3)cc12,FHQXLWCFSUSXBF-UHFFFAOYSA-N
CCOC(=O)CCNc1cc(N2CCc3ccccc3CC2)nc(-c2cccnc2)n1,LQPGVGSKBNXQDU-UHFFFAOYSA-N
C[C@H](Nc1cc2c(-c3ccc4c(c3)OCO4)noc2cn1)c1ccccc1,DAAGOCSHXCDWDY-ZDUSSCGKSA-N
C=CCc1ccc(O)c(OC)c1,RRAFCDWBNXTKKO-UHFFFAOYSA-N
Oc1c(Cl)cc(Cl)c(Cl)c1Cc1c(O)c(Cl)cc(Cl)c1Cl,ACGUYXCXAPNIKK-UHFFFAOYSA-N
CN(C)CCSc1nc2ccccc2cc1-c1ccccc1,HYOLQGVNMQNERE-UHFFFAOYSA-N
COc1cc2ncnc(Nc3cccc(Cl)c3)c2cc1OC,GFNNBHLJANVSQV-UHFFFAOYSA-N
C[C@@]1(CO)[C@H](O)CC[C@@]2(C)[C@H]1CC[C@H]1C[C@@H]3C[C@@]12CC[C@]3(O)CO,NOFOAYPPHIUXJR-APNQCZIXSA-N
CC(=O)Oc1ccccc1C(=O)O,BSYNRYMUTXBXSQ-UHFFFAOYSA-N
O=C(c1ccc(-c2ccc(Cl)cc2)o1)N(Cc1ccccn1)c1ccc(N2CCNCC2)cc1,LIPNXDIBECKOMJ-UHFFFAOYSA-N
CCOC(=O)c1c(CSc2ccccc2)n(C)c2cc(Br)c(O)c(CN(C)C)c12,KCFYEAOKVJSACF-UHFFFAOYSA-N
Cc1c(C(=O)NCCCO)cnn1-c1nc(-c2cccc(C(F)(F)F)c2)cs1,HOFGTYCLOKDAES-UHFFFAOYSA-N
O=c1[nH]oc2c1CCNC2,ZXRVKCBLGJOCEE-UHFFFAOYSA-N
CC(=O)Oc1cc(C(C)C)c(OCCN(C)C)cc1C,VRYMTAVOXVTQEF-UHFFFAOYSA-N
O=S(=O)(O)c1ccc2nc(-c3ccccc3)[nH]c2c1,UVCJGUGAGLDPAA-UHFFFAOYSA-N
N=C(N)c1ccc(/C=C/c2ccc(C(=N)N)cc2O)cc1,TUESWZZJYCLFNL-DAFODLJHSA-N
CCCCCCCCCN1C[C@H](O)[C@@H](O)[C@H](O)[C@H]1CO,FTSCEGKYKXESFF-LXTVHRRPSA-N
CCc1cc2c(c(CC)n1)CCC(=O)N2Cc1ccc(-c2ccccc2-c2nn[nH]n2)cc1,BFVNEYDCFJNLGN-UHFFFAOYSA-N
CCCCNC(=O)NS(=O)(=O)c1ccc(C)cc1,JLRGJRBPOGGCBT-UHFFFAOYSA-N
CC(C)(O)[C@H]1CC[C@@](C)([C@H]2[C@@H](O)C[C@@]3(C)[C@@H]4C[C@H](O[C@@H]5O[C@H](CO)[C@@H](O)[C@H](O)[C@H]5O)[C@H]5C(C)(C)[C@@H](O[C@@H]6OC[C@@H](O)[C@H](O)[C@H]6O)CC[C@@]56C[C@@]46CC[C@]23C)O1,QMNWISYXSJWHRY-AUJDEUPOSA-N
CCO[C@H](COc1ccc(C(F)(F)F)cc1)CSc1ccc(OCC(=O)O)c(C)c1,JWHYSEDOYMYMNM-QGZVFWFLSA-N
Nc1nc(-c2ccccc2)c(Br)c(=O)[nH]1,CIUUIPMOFZIWIZ-UHFFFAOYSA-N
OC[C@@H](O)[C@@H](O)[C@H](O)[C@H](O)CO,FBPFZTCFMRRESA-KVTDHHQDSA-N
CSc1ccc2c(c1)N(CCC1CCCCN1C)c1ccccc1S2,KLBQZWRITKRQQV-UHFFFAOYSA-N
C[C@@H]1O[C@@H](O)[C@H](O)[C@H](O)[C@H]1O,SHZGCJCMOBCMKK-HGVZOGFYSA-N
O=C(NCCO[N+](=O)[O-])c1cccnc1,LBHIOVVIQHSOQN-UHFFFAOYSA-N
COc1cc(C[C@H](C)[C@H](C)Cc2ccc3c(c2)OCO3)ccc1O,QDDILOVMGWUNGD-UONOGXRCSA-N
N[C@H](CCC(=O)N[C@@H](CSSC[C@H](NC(=O)CC[C@H](N)C(=O)O)C(=O)NCC(=O)O)C(=O)NCC(=O)O)C(=O)O,YPZRWBKMTBYPTK-USZNOCQGSA-N
COc1ncc(-c2nc3c(n2C(C)C)[C@H](c2ccc(Cl)cc2)N(c2cc(Cl)cn(C)c2=O)C3=O)c(OC)n1,AGBSXNCBIWWLHD-FQEVSTJZSA-N
O=C(O)CC(=O)C(=O)O,KHPXUQMNIQBQEV-UHFFFAOYSA-N
NC(=O)C(c1ccccc1)(c1ccccc1)[C@@H]1CCN(CCc2ccc3c(c2)CCO3)C1,HXGBXQDTNZMWGS-RUZDIDTESA-N
C#CCN(C)[C@H](C)Cc1ccccc1,MEZLKOACVSPNER-GFCCVEGCSA-N
COc1cc(NC(=O)Nc2cccc(CNC(=O)O[C@H]3CCOC3)c2)ccc1-c1cnco1,JBPUGFODGPKTDW-SFHVURJKSA-N
CCCCCC/C=C\CCCCCCCC(=O)O,SECPZKHBENQXJG-FPLPWBNLSA-N
O=c1c(O[C@@H]2OC[C@@H](O)[C@H](O)[C@H]2O)c(-c2ccc(O)c(O)c2)oc2cc(O)cc(O)c12,PZZRDJXEMZMZFD-BWYUNELBSA-N
Cl/C=C\C[N+]12CN3CN(CN(C3)C1)C2,LDLCEGCJYSDJLX-UPHRSURJSA-N
NC(=O)N1c2ccccc2CC(=O)c2ccccc21,CTRLABGOLIVAIY-UHFFFAOYSA-N
CCC(=O)O[C@H](CC(=O)O)C[N+](C)(C)C,UFAHZIUFPNSHSL-MRVPVSSYSA-O
CC(C)(C)NC(=O)[C@@H]1CN(Cc2cccnc2)CCN1C[C@@H](O)C[C@@H](Cc1ccccc1)C(=O)N[C@H]1c2ccccc2C[C@H]1O,CBVCZFGXHXORBI-PXQQMZJSSA-N
OCCCCO,WERYXYBDKMZEQL-UHFFFAOYSA-N
CCCNCCc1ccc(NS(=O)(=O)c2ccc(OC(F)(F)F)cc2)cc1,JGGQWSXZZQPZTR-UHFFFAOYSA-N
CCN(CC)C(=S)SSC(=S)N(CC)CC,AUZONCFQVSMFAP-UHFFFAOYSA-N
O=C(/C=C/c1cccnc1)NCCCCC1CCN(C(=O)c2ccccc2)CC1,KPBNHDGDUADAGP-VAWYXSNFSA-N
COc1ccc(Cl)cc1-c1cc(=O)[nH]c(=S)n1CC(N)=O,ICYNYWFGIDGBRD-UHFFFAOYSA-N
COc1cc(NCc2ccc3nc(N)nc(N)c3c2C)cc(OC)c1OC,NOYPYLRCIDNJJB-UHFFFAOYSA-N
O=C(O)CC/C=C\C[C@@H]1CO[C@H](c2ccccc2Cl)O[C@@H]1c1ccccc1O,WHUIENZXNGAHQI-GKZDNZBASA-N
O=C(O)c1c2ccccc2cc2ccccc12,XGWFJBFNAQHLEF-UHFFFAOYSA-N
OC[C@H]1O[C@@H](n2cnc3c(N[C@@H]4CCOC4)ncnc32)[C@H](O)[C@@H]1O,OESBDSFYJMDRJY-BAYCTPFLSA-N
O=C(O)c1cc(Oc2ccc([N+](=O)[O-])cc2)cc(Oc2ccc([N+](=O)[O-])cc2)c1,JOSXKPZXMVHRKU-UHFFFAOYSA-N
CC1(C)SCN(S(=O)(=O)c2ccccc2)[C@@H]1C(=O)N[C@@H](CNC(=O)NCc1ccccc1)C(=O)O,XKLHCUGVLCGKKX-RBUKOAKNSA-N
CCCCCCCCCC(=O)OC1(c2ccc(Cl)cc2)CCN(CCCC(=O)c2ccc(F)cc2)CC1,GUTXTARXLVFHDK-UHFFFAOYSA-N
COc1cc([C@@H]2c3cc4c(cc3[C@@H](O[C@@H]3O[C@@H]5CO[C@@H](C)O[C@H]5[C@H](O)[C@H]3O)[C@H]3COC(=O)[C@H]23)OCO4)cc(OC)c1OP(=O)(O)O,LIQODXNTTZAGID-OCBXBXKTSA-N
CCc1nn(CCCN2CCN(c3cccc(Cl)c3)CC2)c(=O)n1CCOc1ccccc1,VRBKIVRKKCLPHA-UHFFFAOYSA-N
O=C(Nc1cc(C(F)(F)F)cc(C(F)(F)F)c1)Nc1c(Br)cc(Br)cc1-c1nn[nH]n1,UZWJWROOLOOCPQ-UHFFFAOYSA-N
NC(=O)c1cccc(N)c1,GSCPDZHWVNUUFI-UHFFFAOYSA-N
CN(CCCN1c2ccccc2CCc2ccccc21)CC(=O)c1ccc(Cl)cc1,SAPNXPWPAUFAJU-UHFFFAOYSA-N
Nc1c(-c2cccc(C(F)(F)F)c2)nsc1C(=O)O,KVMCEGAWQYTFKC-UHFFFAOYSA-N
O=c1c(O)c(-c2ccc(O)cc2O)oc2cc(O)cc(O)c12,YXOLAZRVSSWPPT-UHFFFAOYSA-N
CC1(COc2ccc3c(c2)ncn3-c2ccc3cccc(N4CCC(N)CC4)c3n2)COC1,DYNHJHQFHQTFTP-UHFFFAOYSA-N
O=C(c1cccc(-c2nc3ccccc3[nH]2)n1)N1CCN(C(=O)c2cccc(-c3nc4ccccc4[nH]3)n2)CC1,MVHWZNBAQIGPOQ-UHFFFAOYSA-N
O[C@H]1[C@H](O)[C@@H](O)CN2CC[C@H](O)[C@H]12,JDVVGAQPNNXQDW-TVNFTVLESA-N
COc1cc2nc(N3CCN(C(=O)c4ccco4)CC3)nc(N)c2cc1OC,IENZQIKPVFGBNW-UHFFFAOYSA-N
O[C@@H](COc1cccc2ncccc12)CN1CCN([C@@H]2c3ccccc3[C@@H]3[C@H](c4ccccc42)C3(F)F)CC1,IHOVFYSQUDPMCN-DBEBIPAYSA-N
Cc1cccc(C)c1-n1c(=O)c2cnc(Nc3ccc(N4CCN(C)CC4)cc3)nc2n2c3ccccc3nc12,BHJJWVDKNXABFS-UHFFFAOYSA-N
Nc1nc(=O)n([C@H]2C[C@@H](O)[C@@H](CO)O2)cc1Cl,NGGRGTWYSXYVDK-FSDSQADBSA-N
CC(C)CNc1ccnc(NCc2csc(-c3ccccc3)n2)n1,DGRJOOOHPBSAHD-UHFFFAOYSA-N
CS(=O)(=O)c1ccc([C@@H](CC2CCCC2)C(=O)Nc2nccs2)cc1,NEQSWPCDHDQINX-MRXNPFEDSA-N
CCOCOC[C@H](C[C@H](C)C(=O)NO)NC(=O)c1ccc(Oc2ccccc2)cc1,HDWWQELUBWGQGA-WMZOPIPTSA-N
CCCCCCCCC(=O)NCc1cc(OC)c(O)cc1I,AAORACFZMYMFCG-UHFFFAOYSA-N
NCCCC[C@H](NC(=O)[C@@H]1CCCN1C(=O)[C@@H]1CSSC[C@H](N)C(=O)N[C@@H](Cc2ccccc2)C(=O)N[C@@H](Cc2ccccc2)C(=O)N[C@@H](CCC(N)=O)C(=O)N[C@@H](CC(N)=O)C(=O)N1)C(=O)NCC(N)=O,SFKQVVDKFKYTNA-DZCXQCEKSA-N
Cn1c2c(c3ccccc31)CCNCC2,ZBXDOQWPGBISAR-UHFFFAOYSA-N
S=C=Nc1cccc(NC(=S)NCCCCNC(=S)Nc2cccc(N=C=S)c2)c1,QOHNRGHTJPFMSL-UHFFFAOYSA-N
Cc1c(Nc2ncccc2C(=O)O)cccc1C(F)(F)F,NOOCSNJCXJYGPE-UHFFFAOYSA-N
Cc1ccc2c(c1CCC(=O)O)CC[C@@H](NS(=O)(=O)c1ccc(Cl)cc1)C2,HWEOXFSBSQIWSY-MRXNPFEDSA-N
CN(C)NC(=O)CCC(=O)O,NOQGZXFMHARMLW-UHFFFAOYSA-N
O=C1NCC2(CCN(CCc3ccccc3)CC2)O1,FVNFBBAOMBJTST-UHFFFAOYSA-N
O=C(CCBr)N1CCN(C(=O)CCBr)CC1,NJBFOOCLYDNZJN-UHFFFAOYSA-N
NCCCC[C@H](NC(=O)[C@@H]1CCCN1C(=O)[C@@H]1CSSC[C@H](N)C(=O)N[C@@H](Cc2ccccc2)C(=O)N[C@@H](Cc2ccccc2)C(=O)N[C@@H](CCC(N)=O)C(=O)N[C@@H](CC(N)=O)C(=O)N1)C(=O)NCC(N)=O,SFKQVVDKFKYTNA-DZCXQCEKSA-N
N#CN/C(=N\c1ccncc1)NCCCCCCOc1ccc(Cl)cc1,BOIPLTNGIAPDBY-UHFFFAOYSA-N
CCCN1CCC[C@H](c2cccc(O)c2)C1,HTSNFXAICLXZMA-ZDUSSCGKSA-N
O=C(OCCOCCO)c1ccccc1Nc1cccc(C(F)(F)F)c1,XILVEPYQJIOVNB-UHFFFAOYSA-N
COc1ccc(Cl)cc1NC(=O)Nc1cc(C)nc2ccccc12,YBLWOZUPHDKFOT-UHFFFAOYSA-N
CN(C)CCC=C1c2ccccc2CCc2ccccc21,KRMDCWKBEZIMAB-UHFFFAOYSA-N
COc1cc2c(cc1C(F)(F)F)N(C(=O)Nc1cc(F)cc(-c3cccnc3)c1)CC2,RRJLJKRFFRZRAF-UHFFFAOYSA-N
C/C(=C(/CCOC(=O)C(C)C)SS/C(CCOC(=O)C(C)C)=C(\C)N(C=O)Cc1cnc(C)nc1N)N(C=O)Cc1cnc(C)nc1N,CKHJPWQVLKHBIH-GPAWKIAZSA-N
CCN(CC)CCOc1ccc(Nc2ncc3cc(-c4c(Cl)cccc4Cl)c(=O)n(C)c3n2)cc1,IFPPYSWJNWHOLQ-UHFFFAOYSA-N
O=P(O)(O)OC(CO)CO,DHCLVCXQIBBOPH-UHFFFAOYSA-N
C[C@@H]1CCc2ncc(F)cc2[C@H]2CCCN2c2ccn3ncc(c3n2)C(=O)N1,OEBIHOVSAMBXIB-SJKOYZFVSA-N
CC(C)C(=O)Oc1ccc(CO)cc1[C@H](CCN(C(C)C)C(C)C)c1ccccc1,DCCSDBARQIPTGU-HSZRJFAPSA-N
O=[N+]([O-])c1cncn1CCN1CCOCC1,MDJFHRLTPRPZLY-UHFFFAOYSA-N
O=C(O)c1cc(-c2ccccc2)nc2ccccc12,YTRMTPPVNRALON-UHFFFAOYSA-N
CCOc1ccc(S(=O)(=O)O)c2cccnc12,YAMVZYRZAMBCED-UHFFFAOYSA-N
Cc1oncc1C(=O)Nc1ccc(C(F)(F)F)cc1,VHOGYURTWQBHIL-UHFFFAOYSA-N
O=C(/C=C/c1ccc(O)c(O)c1)c1ccc(O)cc1O,AYMYWHCQALZEGT-ORCRQEGFSA-N
CCCCCCCC/C=C\CCCCCCCC(=O)OC(CO)CO,UPWGQKDVAURUGE-KTKRTIGZSA-N
O=C(Nc1ccc(C(=O)O)c(O)c1)c1ccccc1,GNZCRYWFWKFIDM-UHFFFAOYSA-N
Nc1ncnc2c1ncn2CCOCP(=O)(O)O,SUPKOOSCJHTBAH-UHFFFAOYSA-N
Cc1ccc(S(=O)(=O)OCC(=O)Nc2ccc(C(=O)O)c(O)c2)cc1,HWNUSGNZBAISFM-UHFFFAOYSA-N
O=C(O)Cn1c(C(=O)Nc2nc(-c3ccccc3Cl)cs2)cc2ccccc21,ILNRQFBVVQUOLP-UHFFFAOYSA-N
O=S(=O)(O)c1cc(I)c(O)c2ncccc12,ZBJWWKFMHOAPNS-UHFFFAOYSA-N
C[C@@H]1CC(=O)c2c(ccc3c2C(=O)c2cccc(O)c2C3=O)C1,ZAWXOCUFQSQDJS-VIFPVBQESA-N
Nc1cc(C(Cl)=C(Cl)Cl)c(S(N)(=O)=O)cc1S(N)(=O)=O,QOVTVIYTBRHADL-UHFFFAOYSA-N
C[C@]1(COc2ccc(N3CCC(Oc4ccc(OC(F)(F)F)cc4)CC3)cc2)Cn2cc([N+](=O)[O-])nc2O1,XDAOLTSRNUSPPH-XMMPIXPASA-N
Cc1cnc(Nc2ccc(OCCN3CCCC3)cc2)nc1Nc1cccc(S(=O)(=O)NC(C)(C)C)c1,JOOXLOJCABQBSG-UHFFFAOYSA-N
O=C1CCc2ccc(OCCCCN3CCN(c4cccc(Cl)c4Cl)CC3)cc2N1,CEUORZQYGODEFX-UHFFFAOYSA-N
COc1ccc(C(=O)c2ccccc2)c(O)c1,DXGLGDHPHMLXJC-UHFFFAOYSA-N
CCCCc1nc(C)c(CC(=S)N(C)C)c(=O)n1Cc1ccc(-c2ccccc2-c2nn[nH]n2)cc1,AMEROGPZOLAFBN-UHFFFAOYSA-N
C[C@]1(COc2ccc(N3CCC(Oc4ccc(OC(F)(F)F)cc4)CC3)cc2)Cn2cc([N+](=O)[O-])nc2O1,XDAOLTSRNUSPPH-XMMPIXPASA-N
CCc1cccc(CC)c1NC(=O)N1Cc2n[nH]c(NC(=O)c3ccc(N4CCN(C)CC4)cc3)c2C1,OBWNXGOQPLDDPS-UHFFFAOYSA-N
O=C1NCCN1CCN1CCC(c2cn(-c3ccc(F)cc3)c3ccc(Cl)cc23)CC1,GZKLJWGUPQBVJQ-UHFFFAOYSA-N
CSc1nc(NC2CCCC2)c([N+](=O)[O-])c(NC2CCCC2)n1,GSGVDKOCBKBMGG-UHFFFAOYSA-N
Cc1ncsc1CCCl,PCLITLDOTJTVDJ-UHFFFAOYSA-N
c1ccc2c(CCNc3ccc(Nc4ccncc4)cc3)c[nH]c2c1,CEGSUKYESLWKJP-UHFFFAOYSA-N
C[C@@H]1CCc2ncc(F)cc2[C@H]2CCCN2c2ccn3ncc(c3n2)C(=O)N1,OEBIHOVSAMBXIB-SJKOYZFVSA-N
CCCCCCCCNC(=O)/C(C#N)=C/c1cn(CCCN(C)C)c2ccccc12,MYIMRONQBLZJFI-DYTRJAOYSA-N
CCCCCCCCCCCCCCCCOc1nc2ccc(C)cc2c(=O)o1,MVCQKIKWYUURMU-UHFFFAOYSA-N
OC[C@@H](O)CN1CCN(c2ccccc2)CC1,PTVWPYVOOKLBCG-ZDUSSCGKSA-N
C[C@](N)(Cc1ccc(O)c(O)c1)C(=O)O,CJCSPKMFHVPWAR-JTQLQIEISA-N
CCc1cc(-c2n[nH]c(C)c2-c2ccc3c(c2)OCCO3)c(O)cc1O,OWPMENVYXDJDOW-UHFFFAOYSA-N
O=C(Oc1ccc([N+](=O)[O-])cc1)N1CCN(Cc2cccc(Oc3ccccc3)c2)CC1,QNYRAEKLMNDRFY-UHFFFAOYSA-N
COc1cc(N2CCN(C)CC2)ccc1Nc1ncc2c(n1)N(C)c1ccccc1C(=O)N2C,DDTPGANIPBKTNU-UHFFFAOYSA-N
C=C[C@]1(C)C[C@@H](OC(=O)CS[C@@H]2C[C@H]3CC[C@@H](C2)N3C)[C@]2(C)[C@H](C)CC[C@]3(CCC(=O)[C@H]32)[C@@H](C)[C@@H]1O,STZYTFJPGGDRJD-NHUWBDDWSA-N
CC(C)C[C@H](NC(=O)N1CCCCCC1)C(=O)N[C@H](Cc1cn(C)c2ccccc12)C(=O)N[C@H](Cc1ccccn1)C(=O)O,LIOKMIQQPDDTNO-UPRLRBBYSA-N
COc1cc(N2CCC(N3CCN(C)CC3)CC2)ccc1Nc1ncnc(Nc2ccccc2S(=O)(=O)C(C)C)n1,MGGBYMDAPCCKCT-UHFFFAOYSA-N
NC(=O)CC[C@H](N)C(=O)O,ZDXPYRJPNDTMRX-VKHMYHEASA-N
c1ccc(N2CCN(Cc3nc4ccccc4[nH]3)CC2)nc1,FRPJGTNLZNXQEX-UHFFFAOYSA-N
Oc1c(I)cc(I)cc1I,VAPDZNUFNKUROY-UHFFFAOYSA-N
CN(C)CCOc1ccc(/C(=C(/CCCl)c2ccccc2)c2ccccc2)cc1,XFCLJVABOIYOMF-QPLCGJKRSA-N
O=C(Nc1cc(C(F)(F)F)cc(C(F)(F)F)c1)c1cc(Cl)ccc1O,CHILCFMQWMQVAL-UHFFFAOYSA-N
O=C1CCc2c(ccc3ccccc23)O1,ISFPDBUKMJDAJH-UHFFFAOYSA-N
COc1cc([C@@H]2c3cc4c(cc3[C@@H](O[C@@H]3O[C@@H]5CO[C@@H](C)O[C@H]5[C@H](O)[C@H]3O)[C@H]3COC(=O)[C@H]23)OCO4)cc(OC)c1OP(=O)(O)O,LIQODXNTTZAGID-OCBXBXKTSA-N
C#CCN(C)Cc1ccccc1,DPWPWRLQFGFJFI-UHFFFAOYSA-N
COc1cc2c(Nc3ccc(NC(=O)c4ccccc4)cc3)ncnc2cc1OCCCN1CCOCC1,OGNYUTNQZVRGMN-UHFFFAOYSA-N
CCCc1c(SCCCOc2ccc(C(C)=O)c(OCCCC(=O)O)c2CCC)ccc(C(C)=O)c1O,KPWYNAGOBXLMSE-UHFFFAOYSA-N
NC(=O)c1nc(Nc2ccccc2)sc1NC(=O)C1CCCCC1,RZCNASHHHSKTGP-UHFFFAOYSA-N
c1ccc(COCCCc2cnc[nH]2)cc1,WNWALBVQAAIULR-UHFFFAOYSA-N
Cc1ccc(-c2nn(C(C)(C)CNC(=O)c3ncccc3C)c3ncnc(N)c23)cc1,ZCZGSEXBXXYQQC-UHFFFAOYSA-N
Cc1cnc(C(=O)NCCc2ccc(S(=O)(=O)NC(=O)NC3CCCCC3)cc2)cn1,ZJJXGWJIGJFDTL-UHFFFAOYSA-N
CC(C)C[C@H](NC(=O)N1CCCCCC1)C(=O)N[C@H](Cc1cn(C)c2ccccc12)C(=O)N[C@H](Cc1ccccn1)C(=O)O,LIOKMIQQPDDTNO-UPRLRBBYSA-N
N#C/C(=C\c1ccc(O)c(O)c1)C(=O)NCc1ccccc1,TUCIOBMMDDOEMM-RIYZIHGNSA-N
c1ccc(Cn2c(N3CCNCC3)nc3ccccc32)cc1,PWWDCRQZITYKDV-UHFFFAOYSA-N
C[C@@H](NC(=O)c1ncnc(N)c1Cl)c1ncc(C(=O)Nc2cc(C(F)(F)F)c(Cl)cn2)s1,VWMJHAFYPMOMGF-ZCFIWIBFSA-N
COc1ccc(C[C@H](C)NC[C@@H](O)c2ccc(O)c(NC=O)c2)cc1,BPZSYCZIITTYBL-ORAYPTAESA-N
CCc1ccc([C@@H]2O[C@H](CO)[C@@H](O)[C@H](O)[C@H]2O)cc1Cc1ccc2c(c1)OCCO2,XFJAMQQAAMJFGB-ZQGJOIPISA-N
Cc1ncc(NC(=O)c2ccc(CN3CCN(C)CC3)c(C(F)(F)F)c2)cc1Nc1nccc(-c2cccnc2)n1,BJCJYEYYYGBROF-UHFFFAOYSA-N
O=C(CCNNC(=O)c1ccncc1)NCc1ccccc1,NOIIUHRQUVNIDD-UHFFFAOYSA-N
C[C@H](CCC(=O)O)[C@H]1CC[C@H]2[C@@H]3[C@@H](O)C[C@@H]4C[C@H](O)CC[C@]4(C)[C@H]3CC[C@]12C,RUDATBOHQWOJDD-UZVSRGJWSA-N
O=C(/C=C/c1ccc2ccc(C(F)(F)F)cc2n1)c1ccncc1,IAJOMYABKVAZCN-AATRIKPKSA-N
NC[C@@H]1CC[C@@H](N)[C@@H](O[C@H]2[C@H](O)[C@@H](O[C@H]3O[C@H](CO)[C@@H](O)[C@H](N)[C@H]3O)[C@H](N)C[C@@H]2N)O1,JJCQSGDBDPYCEO-XVZSLQNASA-N
CCCCCCCC/C=C/CCCCCCCC(=O)OC[C@H]1O[C@@H](n2ccc(N)nc2=O)C(F)(F)[C@@H]1O,HESSNRGIEVBPRB-QDDPNBLJSA-N
CCCc1c(OCCCOc2ccc(OCC(=O)O)cc2)ccc(C(C)=O)c1O,HBBVCKCCQCQCTJ-UHFFFAOYSA-N
COc1cc(Cc2cnc(N)nc2N)cc(OC)c1OC,IEDVJHCEMCRBQM-UHFFFAOYSA-N
CC(=O)Nc1ccc(OC(C)=O)cc1,UJAOSPFULOFZRR-UHFFFAOYSA-N
CCOc1nc2cccc(C(=O)O)c2n1Cc1ccc(-c2ccccc2-c2noc(=O)[nH]2)cc1,KGSXMPPBFPAXLY-UHFFFAOYSA-N
CCn1c(=O)c(-c2cc[nH]n2)cc2c(C)nc(N)nc21,RGHYDLZMTYDBDT-UHFFFAOYSA-N
CNc1ccc([N+](=O)[O-])cc1-n1cnc(-c2ccc(C(F)(F)F)cc2)c1,LITXVDAFEYLWQE-UHFFFAOYSA-N
Clc1cccc(-c2nnnn2Cc2cccnc2)c1Cl,MMPAULQSJLVKHP-UHFFFAOYSA-N
NC(=O)c1nc(F)c[nH]c1=O,ZCGNOVWYSGBHAU-UHFFFAOYSA-N
CN(c1ccc(NC(=O)Nc2ccccc2)cc1)S(=O)(=O)c1cnn(-c2ccc(F)cc2)c1,NSLIQOPYDUKWTA-UHFFFAOYSA-N
COc1ccc(S(=O)(=O)Nc2cc(Cl)cc(Cl)c2OC)cc1N1CCNCC1,ATKZKAYWARYLBW-UHFFFAOYSA-N
CNC(=O)c1ccccc1Nc1nc(Nc2ccc(N3CCOCC3)cc2OC)ncc1Cl,UYJNQQDJUOUFQJ-UHFFFAOYSA-N
NC(=O)C(c1ccccc1)(c1ccc(F)cc1)c1ccc(F)cc1,SCTZUZTYRMOMKT-UHFFFAOYSA-N
Nc1c(Cl)cc(C=C2NCCN2)cc1Cl,OEOYJZUHFXEJEI-UHFFFAOYSA-N
Clc1cc(Cl)c(OCC#CI)cc1Cl,CTETYYAZBPJBHE-UHFFFAOYSA-N
CCCN1C[C@H](C)[C@@H](O)[C@](C)(O)[C@@H](CC)OC(=O)[C@H](C)[C@@H](O[C@H]2C[C@@](C)(OC)[C@@H](O)[C@H](C)O2)[C@H](C)[C@@H](O[C@@H]2O[C@H](C)C[C@H](N(C)C)[C@H]2O)[C@](C)(O)C[C@H]1C,VWAMTBXLZPEDQO-UZSBJOJWSA-N
O=C(O)c1cc(C(=O)O)c(C(=O)N(Cc2cccc(Oc3ccccc3)c2)[C@H]2CCCc3ccccc32)cc1C(=O)O,VQGBOYBIENNKMI-LJAQVGFWSA-N
COC(=O)c1ccccc1-c1c2ccc(N)cc2[o+]c2cc(N)ccc12,ZWODABSNRKVFCK-UHFFFAOYSA-N
CCc1nc(-c2cccc(C)c2)c(-c2ccnc(NC(=O)c3ccccc3)c2)s1,HEKAIDKUDLCBRU-UHFFFAOYSA-N
C[C@@H]1C[C@@H]([C@H](O)CC2CC(=O)NC(=O)C2)C(=O)[C@@H](C)C1,YPHMISFOHDHNIV-FSZOTQKASA-N
O=C(O)c1cc(=O)[nH]c(=O)[nH]1,PXQPEWDEAKTCGB-UHFFFAOYSA-N
Cc1ccc(NC(=O)c2cccc(N(C)C)c2)cc1NC(=O)c1ccc(O)cc1,PYEFPDQFAZNXLI-UHFFFAOYSA-N
CN[C@H]1C(=O)N[C@@H]2Cc3ccc(cc3)Oc3cc4cc(c3O[C@@H]3O[C@H](C(=O)O)[C@@H](O)[C@H](O)[C@H]3NC(=O)CCCCCCCCC(C)C)Oc3ccc(cc3Cl)[C@@H](O)[C@@H]3NC(=O)[C@H](NC(=O)[C@@H]4NC(=O)[C@@H](NC2=O)c2cc(cc(O)c2Cl)Oc2cc1ccc2O)c1ccc(O)c(c1)-c1c(O[C@H]2O[C@H](CO)[C@@H](O)[C@H](O)[C@@H]2O)cc(O)cc1[C@@H](C(=O)NCCCN(C)C)NC3=O,KGPGQDLTDHGEGT-SZUNQUCBSA-N
O=c1[nH]cnc2n[nH]cc12,OFCNXPDARWKPPY-UHFFFAOYSA-N
Cc1csc2c(N[C@@H](C)CN3CCN(S(=O)(=O)c4ccc(Cl)c(Cl)c4)CC3)ncnc12,BPRNMVDTWIHULJ-AWEZNQCLSA-N
O=C(C[C@H]1NCCC[C@@H]1O)Cn1cnc2cc(Br)c(Cl)cc2c1=O,LVASCWIMLIKXLA-CABCVRRESA-N
Cn1cnc2[nH]c(=O)[nH]c(=O)c21,PFWLFWPASULGAN-UHFFFAOYSA-N
C[C@@H]1C(=O)O[C@H]2[C@H](O)[C@@]34[C@H]5C[C@@H](C(C)(C)C)[C@]36[C@@H](OC(=O)[C@@H]6O)O[C@@]4(C(=O)O5)[C@@]12O,SQOJOAFXDQDRGF-MMQTXUMRSA-N
Cc1cc(NCCO)nc(-c2ccc(Br)cc2)n1,DUKPGOOUJNUIOI-UHFFFAOYSA-N
CCCCC[C@H](O)/C=C/[C@H]1[C@H](O)CC(=O)[C@@H]1CCCCCCC(=O)O,GMVPRGQOIOIIMI-DWKJAMRDSA-N
O=C(Nc1c[nH]nc1-c1nc2ccc(CN3CCOCC3)cc2[nH]1)NC1CC1,LOLPPWBBNUVNQZ-UHFFFAOYSA-N
CCC[n+]1cc(Br)cc(C(=O)N(CCC(=O)NCCOC(=O)N2CCc3ccccc3C2)c2ccccc2)c1,NWWZMECSQFUIGC-UHFFFAOYSA-O
COc1ccccc1N1CCN(CCCCN2C(=O)c3ccccc3C2=O)CC1,SJDOMIRMMUGQQK-UHFFFAOYSA-N
CCCCS(=O)(=O)N[C@@H](Cc1ccc(OCCCCC2CCNCC2)cc1)C(=O)O,COKMIXFXJJXBQG-NRFANRHFSA-N
NC(=O)N[C@@H](CCC(=O)O)C(=O)O,LCQLHJZYVOQKHU-VKHMYHEASA-N
CC(O)(CC(=O)O)CC(=O)O,NPOAOTPXWNWTSH-UHFFFAOYSA-N
CCCc1nc(C(C)(C)O)c(C(=O)OCc2oc(=O)oc2C)n1Cc1ccc(-c2ccccc2-c2nn[nH]n2)cc1,UQGKUQLKSCSZGY-UHFFFAOYSA-N
FC(F)(F)c1ccc(/C=C/c2nc(COc3ccc(CCCCn4ccnn4)cc3)co2)cc1,ZTFBIUXIQYRUNT-MDWZMJQESA-N
CNC(=O)N(C)NO,IXPMBHCGGBEFRU-UHFFFAOYSA-N
COc1ccc(S(=O)(=O)N2c3ccc(Cl)cc3[C@](O)(c3ccccc3Cl)[C@@H]2C(=O)N2CCC[C@H]2C(N)=O)cc1OC,CEBYCSRFKCEUSW-NAYZPBBASA-N
Cc1ncc(C[n+]2csc(CCO)c2C)c(N)n1,JZRWCGZRTZMZEH-UHFFFAOYSA-N
CCN(CC)CCNC(=O)c1cc(Br)c(N)cc1OC,GIYAQDDTCWHPPL-UHFFFAOYSA-N
CCCCCCOc1cc(C)c(O)c(C)c1C,ATMNQRRJNBCQJO-UHFFFAOYSA-N
O=C(O)CCc1c(C(=O)O)[nH]c2cc(Cl)cc(Cl)c12,KNBSYZNKEAWABY-UHFFFAOYSA-N
CC(=O)Nc1ccc(S(=O)(=O)Nc2ccc([N+](=O)[O-])cc2)cc1,GWBPFRGXNGPPMF-UHFFFAOYSA-N
C[C@H](N)Cn1ccc2cc(F)c(Cl)cc21,XJJZQXUGLLXTHO-ZETCQYMHSA-N
C[C@@H]1CC[C@H]2C(C)(C)[C@H]3C[C@@]12CC[C@@]3(C)O,SVURIXNDRWRAFU-OGMFBOKVSA-N
O=C(NNc1nc2cc(F)ccc2n2cccc12)c1cnccn1,UEADAWQSJOWXBK-UHFFFAOYSA-N
O=C1OC(c2ccc(O)cc2)(c2ccc(O)cc2)c2ccccc21,KJFMBFZCATUALV-UHFFFAOYSA-N
CC(=O)NC[C@H]1CN(c2ccc(-c3ccc(CNCc4cn[nH]n4)cc3)c(F)c2)C(=O)O1,BTTNOGHPGJANSW-IBGZPJMESA-N
O=C(C1CC1)N1CC[C@@H](Cc2n[nH]c(=O)n2-c2ccc(-c3ccc4occc4c3)cc2)C1,AQTPWCUIYUOEMG-INIZCTEOSA-N
C[C@H](Oc1cc(-c2cnn(C3CCNCC3)c2)cnc1N)c1c(Cl)ccc(F)c1Cl,KTEIFNKAUNYNJU-LBPRGKRZSA-N
CC(C)=CCC/C(C)=C/CC/C(C)=C/CSc1ccccc1C(N)=O,GZTMFRUGZMZCRD-CFBAGHHKSA-N
CN1C(=O)N(c2ccc(C#N)c(C(F)(F)F)c2)C(=O)[C@]1(CO)c1ccccc1,VAJGULUVTFDTAS-SFHVURJKSA-N
CC(=O)N[C@@H]1C[C@H](O)[C@@H](CO)O[C@H]1O[C@H]1[C@H](O)[C@@H](O)[C@H](O)O[C@@H]1C(=O)O,WCDDVEOXEIYWFB-VXORFPGASA-N
Cc1scc2c1N(C(=O)CN1CCN(C)CC1)c1ccccc1NC2=O,VSWPGAIWKHPTKX-UHFFFAOYSA-N
CN1C(=O)C[C@@H](C(=O)N[C@@H](Cc2cnc[nH]2)C(=O)N2CCC[C@H]2C(N)=O)NC1=O,LQZAIAZUDWIVPM-SRVKXCTJSA-N
CCS(=O)(=O)N1CCC[C@@H]2CN3CCc4cc(OC)ccc4[C@@H]3C[C@@H]21,UMGBFFAJXFXOIL-MNEFBYGVSA-N
NC[C@@H]1O[C@H](O[C@H]2[C@@H](O)[C@H](O[C@@H]3[C@@H](O)[C@H](N)C[C@H](N)[C@H]3O[C@H]3O[C@H](CO)[C@@H](O)[C@H](O)[C@H]3N)O[C@@H]2CO)[C@H](N)[C@@H](O)[C@@H]1O,UOZODPSAJZTQNH-LSWIJEOBSA-N
CCc1cc(C(N)=S)ccn1,AEOCXXJPGCBFJA-UHFFFAOYSA-N
C[C@H]1CN(C(=O)CC#N)[C@]12CCN(c1ncnc3[nH]ccc13)C2,LOWWYYZBZNSPDT-ZBEGNZNMSA-N
CSCC[C@H](NC(=O)[C@H](Cc1c[nH]c2ccccc12)NC(=O)CCNC(=O)OC(C)(C)C)C(=O)N[C@@H](CC(=O)O)C(=O)N[C@@H](Cc1ccccc1)C(N)=O,NEYNJQRKHLUJRU-DZUOILHNSA-N
O=C(O)c1ccc(/C=C2/SC(=S)N(c3cccc(C(F)(F)F)c3)C2=O)cc1,JIMHYXZZCWVCMI-RIYZIHGNSA-N
C[C@@H](N[C@H]1CCN(c2ccc(CC(=O)O)cc2)C1)c1cccc2ccccc12,RZNUIYPHQFXBAN-XLIONFOSSA-N
COc1cc2nccc(Oc3ccc(NC(=O)Nc4ccc(F)cc4F)c(F)c3)c2cc1OC,LFKQSJNCVRGFCC-UHFFFAOYSA-N
N[C@H]1C[C@@H]1c1ccc(-c2cccc(O)c2)cc1,DSOJSZXQRJGBCW-CABCVRRESA-N
O=C(CSc1nc2c(c(=O)n1-c1ccccc1)SCC2)Nc1ccc(-c2ccccc2)cn1,QESQGTFWEQMCMH-UHFFFAOYSA-N
O=C(NC(=O)c1c(F)cccc1Cl)NC1c2ccccc2-c2ccccc21,SFNLLCUAISZNRV-UHFFFAOYSA-N
CCCCC#Cc1nc(NC)c2ncn([C@@H]3O[C@H](CO)[C@@H](O)[C@H]3O)c2n1,KOCIMZNSNPOGOP-IWCJZZDYSA-N
Cc1c(N(C)C)c(=O)n(-c2ccccc2)n1C,RMMXTBMQSGEXHJ-UHFFFAOYSA-N
CCOC(=O)c1ccc(OC(=O)CCCCCNC(=N)N)cc1,YKGYIDJEEQRWQH-UHFFFAOYSA-N
CN(CCOP(=O)(O)O)C(=N)N,FOIPWTMKYXWFGC-UHFFFAOYSA-N
c1ccc(CN2CCC3(CCc4ccccc43)CC2)cc1,GSXJSGMDWKPVBY-UHFFFAOYSA-N
CS(=O)(=O)c1ccc([C@@H](O)[C@@H](CO)NC(=O)C(Cl)Cl)cc1,OTVAEFIXJLOWRX-NXEZZACHSA-N
Cn1ncc2c(N3CCOCC3)nc(-c3cccc(O)c3)nc21,BJVRNXSHJLDZJR-UHFFFAOYSA-N
C[C@H](Oc1cc(-c2cnn(C3CCNCC3)c2)cnc1N)c1c(Cl)ccc(F)c1Cl,KTEIFNKAUNYNJU-LBPRGKRZSA-N
C=C1/C(=C/C=C2\CCC[C@]3(C)[C@@H]([C@H](C)/C=C/[C@@H](C)C(C)C)CC[C@@H]23)C[C@@H](O)C[C@@H]1O,HKXBNHCUPKIYDM-ZKVKAWQFSA-N
Cn1c(=O)n(CCCO)c(=O)c2c1nc(Oc1cccc(Cl)c1)n2Cc1ccc(Cl)cc1,VYJPVPHNGWEIBT-UHFFFAOYSA-N
O=[N+]([O-])N=C1NCCN1Cc1ccc(Cl)nc1,YWTYJOPNNQFBPC-UHFFFAOYSA-N
COc1cc(N)c(Cl)cc1C(=O)NC1CCN(Cc2ccccc2)CC1,BVPWJMCABCPUQY-UHFFFAOYSA-N
C[C@]12CC[C@@H]3c4ccc(OS(N)(=O)=O)cc4CC[C@H]3[C@@H]1CC[C@@H]2O,YXYXCSOJKUAPJI-ZBRFXRBCSA-N
CC(C)(Sc1ccncc1-c1ccc(C#N)c2ccccc12)C(=O)O,YYBOLPLTQDKXPM-UHFFFAOYSA-N
CCCCCCCC/C=C/C(=O)O,IGBBVTAVILYDIO-MDZDMXLPSA-N
CC(=O)Oc1cccc(O)c1,ZZPKZRHERLGEKA-UHFFFAOYSA-N
Cc1ccc(-c2cn3c4c(sc3n2)CCCC4)cc1,IMUKUMUNZJILCG-UHFFFAOYSA-N
COc1ccc(-n2c(SCc3nc(-c4ccc(C)cc4)no3)nnc2-c2ccncc2)cc1,KRIKILRRJCIWNB-UHFFFAOYSA-N
N#Cc1ccc(NCCNCC(=O)N2CCC[C@H]2C#N)nc1,VFFZWMWTUSXDCB-ZDUSSCGKSA-N
COc1cc(OC)c2c(=O)[nH]c(-c3cc(C)c(OCCO)c(C)c3)nc2c1,NETXMUIMUZJUTB-UHFFFAOYSA-N
NC[C@H]1O[C@H](O[C@H]2[C@H](O)[C@@H](O[C@H]3O[C@H](CO)[C@@H](O)[C@H](N)[C@H]3O)[C@H](N)C[C@@H]2N)[C@H](N)C[C@@H]1O,NLVFBUXFDBBNBW-PBSUHMDJSA-N
CC(=O)N(O)CCCCCNC(=O)CCC(=O)N(O)CCCCCNC(=O)CCC(=O)N(O)CCCCCN,UBQYURCVBFRUQT-UHFFFAOYSA-N
CC(C)c1ccc2c(c1)CC[C@H]1[C@](C)(CN)CCC[C@]21C,JVVXZOOGOGPDRZ-SLFFLAALSA-N
C[C@]12CC[C@@H]3c4ccc(OS(=O)(=O)O)cc4CC[C@H]3[C@@H]1CCC2=O,JKKFKPJIXZFSSB-CBZIJGRNSA-N
Cc1c(C)n(Cc2ccc(-c3ccccc3C(=O)O)cc2)c2ccc(C(=O)N[C@@H](C)c3ccc([N+](=O)[O-])cc3)cc12,IIJDFXNUWZTHIM-NRFANRHFSA-N
Cc1cccc([C@H](C)c2cnc[nH]2)c1C,CUHVIMMYOGQXCV-NSHDSACASA-N
C[C@@]1(O)[C@H](O)[C@@H](CO)O[C@H]1n1cnc2c(=O)[nH]c(N)nc21,NVKAMPJSWMHVDK-GITKWUPZSA-N
c1ccc(NCc2ccc(CNc3ccccn3)cc2)nc1,KBVFRXIGQQRMEF-UHFFFAOYSA-N
COc1cc2c(cc1OC)-c1c(C)c3ccc(OC)c(OC)c3c[n+]1CC2,RFKQJTRWODZPHF-UHFFFAOYSA-N
CC[C@H]1[C@@H](O)[C@@H]2[C@H](CC[C@]3(C)[C@@H]([C@H](C)CCC(=O)O)CC[C@@H]23)[C@@]2(C)CC[C@@H](O)C[C@@H]12,ZXERDUOLZKYMJM-ZWECCWDJSA-N
CN(C)C/C=C/C(=O)Nc1ccc(C(=O)Nc2cccc(Nc3ncc(Cl)c(-c4c[nH]c5ccccc45)n3)c2)cc1,OBJNFLYHUXWUPF-IZZDOVSWSA-N
COc1ccc(-c2ccc3cc(C(=O)O)ccc3c2)cc1C12CC3CC(CC(C3)C1)C2,LZCDAPDGXCYOEH-UHFFFAOYSA-N
O=C1CC[C@@H](C(=O)O)N1,ODHCTXKNWHHXJC-VKHMYHEASA-N
COc1cccc(/C=N/N(C(=O)C(F)(F)F)c2ccc(C)cc2C)c1,HYMZAYGFKNNHDN-SSDVNMTOSA-N
CCC(=O)N1CCOc2c(cc(-c3ccc(OC)c(OC)c3)cc2OC[C@H]2CCCN(C)C2)C1,YKNAKDFZAWQEEO-IBGZPJMESA-N
O/N=C/c1cc[n+](COC[n+]2ccc(/C=N/O)cc2)cc1,HIGRLDNHDGYWQJ-UHFFFAOYSA-P
CNC(=O)c1cccc2cc(Oc3ccnc4cc(OCC5(N)CC5)c(OC)cc34)ccc12,CUDVHEFYRIWYQD-UHFFFAOYSA-N
NCCCCN(Cc1nc2ccccc2[nH]1)[C@H]1CCCc2cccnc21,WVLHHLRVNDMIAR-IBGZPJMESA-N
CN1CCC(=C2c3ccccc3CCc3sccc32)CC1,FIADGNVRKBPQEU-UHFFFAOYSA-N
CC(C)NCCCC[C@H](NC(=O)[C@H]1CCC(=O)N[C@@H](Cc2ccccc2)C(=O)N[C@H](Cc2ccc(O)cc2)C(=O)N[C@@H](CCCCNC(C)C)C(=O)N[C@H](CCCN=C(N)N)C(=O)N[C@@H](Cc2ccc3ccccc3c2)C(=O)NCC(=O)N1)C(N)=O,IJHWVENTEFSNBC-OFPUNPKKSA-N
COc1cc(C(=O)c2c(C)oc3c(O)c(OC)ccc23)cc(OC)c1OC,RADMJHVVIZTENA-UHFFFAOYSA-N
c1ccc([C@@H]2C[C@H]2NC2CCNCC2)cc1,BASFYRLYJAZPPL-UONOGXRCSA-N
CCN(CC)CCn1c(=O)c(Cc2ccc(OC)cc2)nc2ccccc21,MSPRUJDUTKRMLM-UHFFFAOYSA-N
COc1cc(OC)cc(-c2ccc3c(-c4ccc(F)cc4)[nH]nc3n2)c1,CAMGZGMEPKFVMF-UHFFFAOYSA-N
C[C@@H]1NC(C)(C)CO[C@@]1(O)c1cccc(Cl)c1,RCOBKSKAZMVBHT-TVQRCGJNSA-N
CCNC(=O)CC[C@H](N)C(=O)O,DATAGRPVKZEWHA-YFKPBYRVSA-N
[N-]=[N+]=N[C@]1(CO)O[C@@H](n2ccc(N)nc2=O)[C@@H](O)[C@@H]1O,ODLGMSQBFONGNG-XZMZPDFPSA-N
COc1ccc(CN2CCNCC2)c(OC)c1OC,UHWVSEOVJBQKBE-UHFFFAOYSA-N
CC(C)CC(=O)Nc1cncc(-c2ccc3[nH]nc(-c4nc5cncc(-c6cccc(F)c6)c5[nH]4)c3c2)c1,AQDWDWAYVBQMAM-UHFFFAOYSA-N
CNC=O,ATHHXGZTWNVVOU-UHFFFAOYSA-N
CC(C)S(=O)(=O)NC[C@H](C)c1ccc(NC(=O)c2cc(F)cc(F)c2)cc1,ACOXQYLJOQAHST-ZDUSSCGKSA-N
COC(=O)[C@H](CCCNC(=N)N)NS(=O)(=O)c1ccc(C)cc1,FKMJXALNHKIDOD-LBPRGKRZSA-N
CCOC(=O)[C@H](CCc1ccccc1)N[C@@H](C)C(=O)N(CC(=O)O)C1Cc2ccccc2C1,WOUOLAUOZXOLJQ-MBSDFSHPSA-N
[O-][N+]CNc1ccc(N2CCOCC2)c(Cl)c1,CQMCOBQPZDLWIX-UHFFFAOYSA-N
Cc1ccc(-c2ncc(Cl)cc2-c2ccc(S(C)(=O)=O)cc2)cn1,MNJVRJDLRVPLFE-UHFFFAOYSA-N
Nc1ccn([C@@H]2O[C@H](CO)[C@@H](O)[C@@H]2O)c(=O)n1,UHDGCWIWMRVCDJ-CCXZUQQUSA-N
Nc1ncnc2c1ncn2[C@H]1CC[C@@H](CO)O1,WVXRAFOPTSTNLL-NKWVEPMBSA-N
Cc1ccccc1C(=O)c1ccc(Nc2ccc(Br)cc2N)cc1Cl,HDCLCHNAEZNGNV-UHFFFAOYSA-N
OCCc1ccc(OCCn2ccnc2)cc1,LQQIZTXSZOYPPS-UHFFFAOYSA-N
c1ccc(-c2[nH]nc3c2oc2ccccc23)cc1,DZQLVVLATXPWBK-UHFFFAOYSA-N
OC[C@H]1O[C@@H](Oc2ccc(O)cc2)[C@H](O)[C@@H](O)[C@@H]1O,BJRNKVDFDLYUGJ-RMPHRYRLSA-N
COC(=O)N[C@H](C(=O)N1CCC[C@H]1c1nc(-c2ccc(-c3ccc(-c4c[nH]c([C@@H]5CCCN5C(=O)[C@@H](NC(=O)OC)C(C)C)n4)cc3)cc2)c[nH]1)C(C)C,FKRSSPOQAMALKA-CUPIEXAXSA-N
O=c1cc[nH]c(=O)[nH]1,ISAKRJDGNUQOIC-UHFFFAOYSA-N
Cc1cn([C@@H]2C[C@@H](O)[C@H](CO)O2)c(=O)[nH]c1=O,IQFYYKKMVGJFEH-CSMHCCOUSA-N
O=C1c2ccccc2-n2c1nc1ccccc1c2=O,VQQVWGVXDIPORV-UHFFFAOYSA-N
CN[C@@H]1CCc2[nH]c3ccc(C(N)=O)cc3c2C1,XPSQPHWEGNHMSK-SECBINFHSA-N
CC(/C=C/C=C(\C)C(=O)O)=C\C=C\C=C(C)\C=C\C=C(/C)C(=O)O,PANKHBYNKQNAHN-MQQNZMFNSA-N
N[C@H]1C[C@@H]1c1ccc(-c2cccc(O)c2)cc1,DSOJSZXQRJGBCW-CABCVRRESA-N
CCCCCCCCCCCCCC[C@@H](O)[C@@H](O)[C@@H](N)CO,AERBNCYCJBRYDG-KSZLIROESA-N
Fc1ccc(CN2CCC(Nc3ccc(C(F)(F)F)nn3)CC2)cc1F,UVUYWJWYRLJHEN-UHFFFAOYSA-N
CNC[C@H](O)c1cccc(O)c1,SONNWYBIRXJNDC-VIFPVBQESA-N
[O-][N+]CNc1ccc(N2CCOCC2)c(Cl)c1,CQMCOBQPZDLWIX-UHFFFAOYSA-N
CCC[C@@H](N(NC(=O)c1cccc(OC)c1CC)C(=O)c1cc(C)cc(C)c1)C(C)(C)C,LZWZPGLVHLSWQX-XMMPIXPASA-N
CN(C)c1ccc(C(=O)NCCCCCCC(=O)NO)cc1,MXWDSZWTBOCWBK-UHFFFAOYSA-N
CN1CCN(c2ccc(OC(F)(F)F)c(Nc3ncc4c(n3)-c3c(c(C(N)=O)nn3CCO)CC4)c2)CC1,QHLVBNKYJGBCQJ-UHFFFAOYSA-N
COc1cc(N2CCOCC2)ccc1Nc1ncc(Cl)c(Nc2ccccc2NS(C)(=O)=O)n1,CLGWUCNXOBLWFM-UHFFFAOYSA-N
CCCn1c(=O)[nH]c2nc(-c3ccc(S(=O)(=O)N4CCN(c5ccc(Cl)cc5)CC4)cc3)[nH]c2c1=O,OVHCTHHFOHMNFV-UHFFFAOYSA-N
C[C@@H](N[C@H]1CCCC[C@@H]1NC(=O)c1ccc(Cl)cc1)c1cccc2ccccc12,YTFUQWWKTIWYEY-CQLNOVPUSA-N
C#Cc1c[nH]c(=O)[nH]c1=O,JOZGNYDSEBIJDH-UHFFFAOYSA-N
COc1ccc2c(c1)C(=O)N(CCc1ccc(S(=O)(=O)NC(=O)NC3CCCCC3)cc1)C(=O)C2(C)C,LLJFMFZYVVLQKT-UHFFFAOYSA-N
CN[C@H](CC(C)C)C(=O)N[C@H]1C(=O)N[C@@H](CC(N)=O)C(=O)N[C@H]2C(=O)N[C@H]3C(=O)N[C@H](C(=O)N[C@H](C(=O)O)c4cc(O)cc(O)c4-c4cc3ccc4O)[C@H](O[C@H]3C[C@](C)(N)[C@@H](O)[C@H](C)O3)c3ccc(c(Cl)c3)Oc3cc2cc(c3O[C@@H]2O[C@H](CO)[C@@H](O)[C@H](O)[C@H]2O[C@H]2C[C@](C)(NCc3ccc(-c4ccc(Cl)cc4)cc3)[C@@H](O)[C@H](C)O2)Oc2ccc(cc2Cl)[C@H]1O,VHFGEBVPHAGQPI-LXKZPTCJSA-N
C[C@@H]1COCCN1c1cc(-c2ccnn2C)c2ccnc(-c3ccn[nH]3)c2n1,YBXRSCXGRPSTMW-CYBMUJFWSA-N
[N-]=[N+]=N[C@]1(CO)O[C@@H](n2ccc(N)nc2=O)[C@@H](O)[C@@H]1O,ODLGMSQBFONGNG-XZMZPDFPSA-N
CCN(CC)C(=O)N1CCN(C)CC1,RCKMWOKWVGPNJF-UHFFFAOYSA-N
COc1cc(N2CCC(N3CCN(C)CC3)CC2)ccc1Nc1ncnc(Nc2ccccc2S(=O)(=O)C(C)C)n1,MGGBYMDAPCCKCT-UHFFFAOYSA-N
CCNC(=O)N1CCN(CCCC(c2ccc(F)cc2)c2ccc(F)cc2)CC1,NNAIYOXJNVGUOM-UHFFFAOYSA-N
Cc1cccc(-c2nc(C(C)(C)C)[nH]c2-c2ccc3nccnc3c2)n1,DKPQHFZUICCZHF-UHFFFAOYSA-N
N#C/C(=C\c1cccn1S(=O)(=O)c1cccc([N+](=O)[O-])c1)S(=O)(=O)c1ccc(F)cc1,GUCUORSUHTZMBW-YBFXNURJSA-N
COc1cc(/C=C(\C#N)C(N)=O)cc(CSc2nc3ccccc3s2)c1O,KXDONFLNGBQLTN-WUXMJOGZSA-N
CC(Oc1ccc(O)cc1)(P(=O)(O)O)P(=O)(O)O,JKOCAAWWDVHWKB-UHFFFAOYSA-N
c1ccc2cc([C@]34CNC[C@H]3C4)ccc2c1,HKHCSWPSUSWGLI-CABCVRRESA-N
Cc1ccc(S(=O)(=O)Nc2nc3ccccc3nc2Nc2ccc3nsnc3c2)cc1,MQMKRQLTIWPEDM-UHFFFAOYSA-N
O=C(CCCCCCNC(=O)c1cnc(N(c2ccccc2)c2ccccc2Cl)nc1)NO,VLIUIBXPEDFJRF-UHFFFAOYSA-N
NCCCC(=O)O,BTCSSZJGUNDROE-UHFFFAOYSA-N
CN(C)c1cc2c(cc1Sc1nc3c(N)nccc3n1CCNCC(C)(C)C)OCO2,RVJIQAYFTOPTKK-UHFFFAOYSA-N
CCCCOc1ccc(C(=O)CCN2CCCCC2)cc1,BZEWSEKUUPWQDQ-UHFFFAOYSA-N
CCCCCCOc1cc(C)c(O)c(C)c1C,ATMNQRRJNBCQJO-UHFFFAOYSA-N
COc1ccc(Br)cc1S(=O)(=O)NC(=O)/C=C/c1ccccc1Cc1ccc2ccccc2c1,ODTKFNUPVBULRJ-NTCAYCPXSA-N
O=C(O[C@H]1C[N+]2(CCCOc3ccccc3)CCC1CC2)C(O)(c1cccs1)c1cccs1,ASMXXROZKSBQIH-VITNCHFBSA-N
O=C1NC(c2ccccc2)(c2ccccc2)C(=O)N1COP(=O)(O)O,XWLUWCNOOVRFPX-UHFFFAOYSA-N
Nc1ccn(C[C@@H](CO)OCP(=O)(O)O)c(=O)n1,VWFCHDSQECPREK-LURJTMIESA-N
CS(=O)(=O)CS(=O)(=O)OCCCl,SEHSPJCWCBQHPF-UHFFFAOYSA-N
CCOC(=O)c1ccc(O)cc1,NUVBSKCKDOMJSU-UHFFFAOYSA-N
Cc1cn(-c2cc(NC(=O)c3ccc(C)c(Nc4nccc(-c5cccnc5)n4)c3)cc(C(F)(F)F)c2)cn1,HHZIURLSWUIHRB-UHFFFAOYSA-N
CCOC(=O)C(C)(C)Oc1ccc(Cl)cc1,KNHUKKLJHYUCFP-UHFFFAOYSA-N
O=C(CC(c1ccccc1)c1ccccc1)N1CCN(C(c2ccccc2)c2ccccc2)CC1,VCPMZDWBEWTGNW-UHFFFAOYSA-N
O=C(O)CCCCCCNC1c2ccccc2CCc2ccccc21,ONNOFKFOZAJDHT-UHFFFAOYSA-N
O=P(O)(O)CN1CCN(CP(=O)(O)O)CCN(CP(=O)(O)O)CCN(CP(=O)(O)O)CC1,RCXMQNIDOFXYDO-UHFFFAOYSA-N
C[C@H](NC(=O)CCc1nc2ccccc2c(=O)[nH]1)c1ccccc1,QIHBWVVVRYYYRO-ZDUSSCGKSA-N
Cc1cc(NS(=O)(=O)c2ccc(N)cc2)nc(C)n1,YZMCKZRAOLZXAZ-UHFFFAOYSA-N
CCS(=O)(=O)c1cccc(-c2cc(C(=O)NC3CCN(C)CC3)c(C)c3[nH]c4ncc(C)cc4c23)c1,WKDACQVEJIVHMZ-UHFFFAOYSA-N
OCc1ccc(-c2ccc(-c3ccc(CO)s3)o2)s1,KZENBFUSKMWCJF-UHFFFAOYSA-N
CC(=O)O[C@H]1CC(C)(C)C(=C=C/C(C)=C/C=C/C(C)=C/C=C/C=C(C)/C=C/C=C(\C)C(=O)C[C@]23O[C@@]2(C)C[C@H](O)CC3(C)C)[C@](C)(O)C1,SJWWTRQNNRNTPU-WEFWQODPSA-N
O=S(=O)(NCCNC/C=C/c1ccc(Br)cc1)c1cccc2cnccc12,ZKZXNDJNWUTGDK-NSCUHMNNSA-N
O=Cc1ccc(CO)o1,NOEGNKMFWQHSLB-UHFFFAOYSA-N
CC(C)NCCCC[C@H](NC(=O)[C@H]1CCC(=O)N[C@@H](Cc2ccccc2)C(=O)N[C@H](Cc2ccc(O)cc2)C(=O)N[C@@H](CCCCNC(C)C)C(=O)N[C@H](CCCN=C(N)N)C(=O)N[C@@H](Cc2ccc3ccccc3c2)C(=O)NCC(=O)N1)C(N)=O,IJHWVENTEFSNBC-OFPUNPKKSA-N
CCCOc1ccc(Br)cc1-c1cc(-c2ccc(Cl)cc2)[nH]c1-c1ccncc1,HHBOWXZOLYQFNY-UHFFFAOYSA-N
O=C1Nc2c(ccc(Cl)c2Cl)/C1=N/O,CVOUSAVHMDXCKG-UHFFFAOYSA-N
CCN(CC)C(=O)/C(C#N)=C/c1cc(O)c(O)c([N+](=O)[O-])c1,JRURYQJSLYLRLN-BJMVGYQFSA-N
CC#C[C@@H](CC(=O)O)c1ccc(OCc2cccc(-c3ccc(C(F)(F)F)cc3)c2)cc1,ZOPNBMMVVZRSGH-NRFANRHFSA-N
c1ccc(-c2oc3ncnc(NC[C@@H]4CCCO4)c3c2-c2ccccc2)cc1,XNFHHOXCDUAYSR-SFHVURJKSA-N
c1ccc2sc(N3CCN(Cc4ccc5c(c4)OCO5)CC3)nc2c1,BYHKGNWKJMGHGE-UHFFFAOYSA-N
C[C@@H](N)C(=O)N[C@@H](CO)C(=O)N[C@H](C(=O)N[C@H](C(=O)N[C@H](C(=O)N[C@@H](CC(N)=O)C(=O)N[C@@H](Cc1ccc(O)cc1)C(=O)N[C@H](C(N)=O)[C@@H](C)O)[C@@H](C)O)[C@@H](C)O)[C@@H](C)O,AKWRNBWMGFUAMF-ZESMOPTKSA-N
C[C@]12CC[C@@H]3c4ccc(OC(=O)N(CCCl)CCCl)cc4CC[C@H]3[C@@H]1CC[C@@H]2OP(=O)(O)O,ADFOJJHRTBFFOF-RBRWEJTLSA-N
O=S(=O)(c1cccc2cnccc12)N1CCCNCC1,NGOGFTYYXHNFQH-UHFFFAOYSA-N
CC(C)(O)C(Cl)(Cl)Cl,OSASVXMJTNOKOY-UHFFFAOYSA-N
COc1cc(C(C)=O)ccc1O,DFYRUELUNQRZTB-UHFFFAOYSA-N
CCC(=O)NCC[C@@H]1CCc2ccc3c(c21)CCO3,YLXDSYKOBKBWJQ-LBPRGKRZSA-N
CCc1nc(C)cn2nc(-c3cc(=O)n4cc(C5CCN(C)CC5)cc(C)c4n3)cc12,GYFRQCMDLBNZSF-UHFFFAOYSA-N
NC(=O)N1c2ccccc2CC(=O)c2ccccc21,CTRLABGOLIVAIY-UHFFFAOYSA-N
O=C(Nc1cccnc1)c1cc(-c2ccnc(F)c2)ccc1OCc1ccccc1,WCIGMFCFPXZRMQ-UHFFFAOYSA-N
CCCCc1ccc(NS(=O)(=O)c2ccc(F)cc2)cc1,CNGHPXKWPGIDSK-UHFFFAOYSA-N
Cn1cncc1[C@@](N)(c1ccc(Cl)cc1)c1ccc2c(c1)c(-c1cccc(Cl)c1)cc(=O)n2C,PLHJCIYEEKOWNM-HHHXNRCGSA-N
CCCCCCCC(=O)N[C@H](CN1CCCC1)[C@H](O)c1ccc2c(c1)OCCO2,FJZZPCZKBUKGGU-AUSIDOKSSA-N
CCOC(=O)[C@@H](N)CCC(=O)N[C@@H](CSCc1ccccc1)C(=O)N[C@@H](C(=O)OCC)c1ccccc1,GWEJFLVSOGNLSS-WPFOTENUSA-N
CCCCN1CCC(CNC(=O)c2c3n(c4ccccc24)CCCO3)CC1,KVCSJPATKXABRQ-UHFFFAOYSA-N
Nc1ncnc2nc(-c3ccc(N4CCOCC4)nc3)cc(-c3cccc(Br)c3)c12,RQCXKDWOCUJWQZ-UHFFFAOYSA-N
Cc1cc(O)c2c(c1)C(=O)c1cccc(O)c1C2=O,LQGUBLBATBMXHT-UHFFFAOYSA-N
CNC1(C)C2CCC(C2)C1(C)C,IMYZQPCYWPFTAG-UHFFFAOYSA-N
CN(C)c1ccc(/C=C2\C(=O)Nc3ccccc32)cc1,UAKWLVYMKBWHMX-PTNGSMBKSA-N
Cc1c(C(=O)Nc2ccc(N3CCC(N4CCOCC4)CC3)c(C#N)c2)cnn1-c1ccc(Cl)cc1,BWZNJVZTAWBIFG-UHFFFAOYSA-N
CCOc1nc2c(N)ncnc2n1CC,QUGDTMONBLMLLD-UHFFFAOYSA-N
O=C(O)CCc1c(C(=O)O)[nH]c2cc(Cl)cc(Cl)c12,KNBSYZNKEAWABY-UHFFFAOYSA-N
CNC(=N)NCCC[C@H](N)C(=O)O,NTNWOCRCBQPEKQ-YFKPBYRVSA-N
C[C@H](NC(=O)CCC(F)(F)F)C(=O)N[C@@H]1C(=O)N(CCO)c2ncccc2-c2ccccc21,YCBAQKQAINQRFW-UGSOOPFHSA-N
Cc1ccccc1N1CCN(CCc2nnc3n2CCCC3)CC1,RFWZESUMWJKKRN-UHFFFAOYSA-N
N=C(N)SCCc1ccc(OCc2ccc([N+](=O)[O-])cc2)cc1,UMJUNUMSJDTYTM-UHFFFAOYSA-N
COc1ccc(S(=O)(=O)N2CCCN(S(=O)(=O)c3ccc(OC)c(OC)c3)CC2)cc1OC,GJUFPAZNBPFNRI-UHFFFAOYSA-N
CCc1cc2cc(OC)c(OC)cc2c(Cc2ccccc2)n1,MYCMTMIGRXJNSO-UHFFFAOYSA-N
O=C1[C@@H]2[C@H]3CC[C@H](C3)[C@@H]2C(=O)N1CCCCN1CCN(c2ncccn2)CC1,CEIJFEGBUDEYSX-FZDBZEDMSA-N
COc1ccc(-c2cc(=S)ss2)cc1,KYLIZBIRMBGUOP-UHFFFAOYSA-N
NC(=O)CC[C@H](N)C(=O)O,ZDXPYRJPNDTMRX-VKHMYHEASA-N
COc1ccc(O)c(C(C)(C)C)c1,MRBKEAMVRSLQPH-UHFFFAOYSA-N
COc1cc2c(=O)c(-c3ccc(O)cc3)coc2cc1O,DXYUAIFZCFRPTH-UHFFFAOYSA-N
CN[C@H](CC(=O)O)C(=O)O,HOKKHZGPKSLGJE-GSVOUGTGSA-N
Cc1cc(Nc2cc(N3CCN(C)CC3)nc(/C=C/c3ccccc3)n2)[nH]n1,BLQYVHBZHAISJM-CMDGGOBGSA-N
CN(C)C(=S)SSC(=S)N(C)C,KUAZQDVKQLNFPE-UHFFFAOYSA-N
CCCCCCCCCCCCC[N+](C)(C)Cc1ccccc1,VVZBFOKBSDGVGZ-UHFFFAOYSA-N
O=C(Nc1ccc(CN2CCOCC2)cc1)c1ccc(-c2cccc(Cl)c2)o1,XQJWTJLJEYIUDZ-UHFFFAOYSA-N
COc1cc(C(=O)c2c(C)oc3c(O)c(OC)ccc23)cc(OC)c1OC,RADMJHVVIZTENA-UHFFFAOYSA-N
Nc1nc2c(ncn2[C@@H]2O[C@H](CO)[C@@H](O)[C@H]2O)c(=O)[nH]1,NYHBQMYGNKIUIF-UUOKFMHZSA-N
CCCCCCCCCCCCCC[C@@H](O)[C@@H](O)[C@@H](N)CO,AERBNCYCJBRYDG-KSZLIROESA-N
COc1ccc(O)cc1,NWVVVBRKAWDGAB-UHFFFAOYSA-N
O=C1Nc2ccc(I)cc2C1=Cc1cc(Br)c(O)c(Br)c1,LMXYVLFTZRPNRV-UHFFFAOYSA-N
Oc1cccc(Nc2ncc(F)c(Nc3cccc(O)c3)n2)c1,TVKGTSHBQZEFEE-UHFFFAOYSA-N
Cc1nccn1CCC(C(N)=O)(c1ccccc1)c1ccccc1,SQKXYSGRELMAAU-UHFFFAOYSA-N
CC(=O)OCC(CCn1cnc2cnc(N)nc21)COC(C)=O,GGXKWVWZWMLJEH-UHFFFAOYSA-N
C[C@@H](O)[C@H](N)C(=O)N[C@@H](CCCCN)C(=O)N1CCC[C@H]1C(=O)N[C@@H](CCCNC(=N)N)C(=O)O,IESDGNYHXIOKRW-YXMSTPNBSA-N
CCCCC/C=C\C/C=C\C/C=C\C/C=C\CCCC(=O)O,YZXBAPSDXZZRGB-DOFZRALJSA-N
N#Cc1ccncn1,ZIEWSZYVEDTXGH-UHFFFAOYSA-N
C=C1/C(=C\C=C2/CCC[C@]3(C)[C@@H]([C@H](C)/C=C/C=C/C(O)(CC)CC)CC[C@@H]23)C[C@@H](O)C[C@@H]1O,LVLLALCJVJNGQQ-SEODYNFXSA-N
COc1cc(OC)nc(O[C@H](C(=O)O)C(OC)(c2ccccc2)c2ccccc2)n1,FEJVSJIALLTFRP-LJQANCHMSA-N
CCn1c(=O)c(-c2cc(NC(=O)Nc3ccccc3)c(F)cc2Br)cc2cnc(NC)cc21,CEFJVGZHQAGLHS-UHFFFAOYSA-N
O=C(Nc1cccc(C(F)(F)F)c1)c1cccc2cc(Oc3cc(CO)ncn3)ccc12,JNLSTLQFDDAULK-UHFFFAOYSA-N
C[C@H](Cc1cc2c(c(C(N)=O)c1)N(CCCO)CC2)NCCOc1ccccc1OCC(F)(F)F,PNCPYILNMDWPEY-QGZVFWFLSA-N
CCN(C(=O)c1c(O)c2c(Cl)cccc2n(C)c1=O)c1ccccc1,GKWPCEFFIHSJOE-UHFFFAOYSA-N
